,H4N,Fin_Neg
1,ABANDON,ABANDON
2,ABANDONED,ABANDONED
3,ABANDONING,ABANDONING
4,ABANDONMENT,ABANDONMENT
5,ABANDONMENTS,ABANDONMENTS
6,ABANDONS,ABANDONS
7,ABATE,ABDICATED
8,ABATED,ABDICATES
9,ABATEMENT,ABDICATING
10,ABATEMENTS,ABDICATION
11,ABATES,ABDICATIONS
12,ABATING,ABERRANT
13,ABDICATE,ABERRATION
14,ABDICATED,ABERRATIONAL
15,ABDICATES,ABERRATIONS
16,ABDICATING,ABETTING
17,ABDICATION,ABNORMAL
18,ABDICATIONS,ABNORMALITIES
19,ABHOR,ABNORMALITY
20,ABHORRED,ABNORMALLY
21,ABHORRENCE,ABOLISH
22,ABHORRENCES,ABOLISHED
23,ABHORRENT,ABOLISHES
24,ABHORRENTLY,ABOLISHING
25,ABHORS,ABROGATE
26,ABJECT,ABROGATED
27,ABJECTION,ABROGATES
28,ABJECTIONS,ABROGATING
29,ABJECTLY,ABROGATION
30,ABJECTNESS,ABROGATIONS
31,ABNORMAL,ABRUPT
32,ABNORMALITIES,ABRUPTLY
33,ABNORMALITY,ABRUPTNESS
34,ABNORMALLY,ABSENCE
35,ABOLISH,ABSENCES
36,ABOLISHED,ABSENTEEISM
37,ABOLISHES,ABUSE
38,ABOLISHING,ABUSED
39,ABOMINABLE,ABUSES
40,ABRASIVE,ABUSING
41,ABRASIVENESS,ABUSIVE
42,ABRASIVES,ABUSIVELY
43,ABRUPT,ABUSIVENESS
44,ABRUPTLY,ACCIDENT
45,ABRUPTNESS,ACCIDENTAL
46,ABSCOND,ACCIDENTALLY
47,ABSCONDED,ACCIDENTS
48,ABSCONDING,ACCUSATION
49,ABSENCE,ACCUSATIONS
50,ABSENCES,ACCUSE
51,ABSENT,ACCUSED
52,ABSENTED,ACCUSES
53,ABSENTEE,ACCUSING
54,ABSENTEEISM,ACQUIESCE
55,ABSENTEES,ACQUIESCED
56,ABSENTMINDED,ACQUIESCES
57,ABSURD,ACQUIESCING
58,ABSURDITY,ACQUIT
59,ABUSE,ACQUITS
60,ABUSED,ACQUITTAL
61,ABUSER,ACQUITTALS
62,ABUSERS,ACQUITTED
63,ABUSES,ACQUITTING
64,ABUSING,ADULTERATE
65,ABUSIVE,ADULTERATED
66,ABUSIVELY,ADULTERATING
67,ABUSIVENESS,ADULTERATION
68,ABYSS,ADULTERATIONS
69,ABYSSAL,ADVERSARIAL
70,ACCIDENT,ADVERSARIES
71,ACCIDENTAL,ADVERSARY
72,ACCIDENTALLY,ADVERSE
73,ACCIDENTS,ADVERSELY
74,ACCOST,ADVERSITIES
75,ACCOSTED,ADVERSITY
76,ACCOSTING,AFTERMATH
77,ACCOSTS,AFTERMATHS
78,ACCURSED,AGAINST
79,ACCUSATION,AGGRAVATE
80,ACCUSATIONS,AGGRAVATED
81,ACCUSE,AGGRAVATES
82,ACCUSED,AGGRAVATING
83,ACCUSER,AGGRAVATION
84,ACCUSERS,AGGRAVATIONS
85,ACCUSES,ALERTED
86,ACCUSING,ALERTING
87,ACHE,ALIENATE
88,ACHED,ALIENATED
89,ACRIMONIOUS,ALIENATES
90,ACRIMONY,ALIENATING
91,ADDICT,ALIENATION
92,ADDICTED,ALIENATIONS
93,ADDICTING,ALLEGATION
94,ADDICTION,ALLEGATIONS
95,ADDICTIONS,ALLEGE
96,ADDICTIVE,ALLEGED
97,ADDICTS,ALLEGEDLY
98,ADMONISH,ALLEGES
99,ADMONISHED,ALLEGING
100,ADMONISHES,ANNOY
101,ADMONISHING,ANNOYANCE
102,ADMONISHMENT,ANNOYANCES
103,ADMONISHMENTS,ANNOYED
104,ADMONITION,ANNOYING
105,ADMONITIONS,ANNOYS
106,ADULTERATE,ANNUL
107,ADULTERATED,ANNULLED
108,ADULTERATES,ANNULLING
109,ADULTERATING,ANNULMENT
110,ADULTERATION,ANNULMENTS
111,ADULTERATIONS,ANNULS
112,ADULTERY,ANOMALIES
113,ADVERSARIAL,ANOMALOUS
114,ADVERSARIES,ANOMALOUSLY
115,ADVERSARY,ANOMALY
116,ADVERSE,ANTICOMPETITIVE
117,ADVERSELY,ANTITRUST
118,ADVERSITIES,ARGUE
119,ADVERSITY,ARGUED
120,AFFECTATION,ARGUING
121,AFFECTATIONS,ARGUMENT
122,AFFLICT,ARGUMENTATIVE
123,AFFLICTED,ARGUMENTS
124,AFFLICTING,ARREARAGE
125,AFFLICTION,ARREARAGES
126,AFFLICTIONS,ARREARS
127,AFFLICTS,ARREST
128,AFRAID,ARRESTED
129,AGAINST,ARRESTS
130,AGGRAVATE,ARTIFICIALLY
131,AGGRAVATED,ASSAULT
132,AGGRAVATES,ASSAULTED
133,AGGRAVATING,ASSAULTING
134,AGGRAVATION,ASSAULTS
135,AGGRAVATIONS,ASSERTIONS
136,AGGRESSION,ATTRITION
137,AGGRESSIVE,AVERSELY
138,AGGRESSIVELY,BACKDATING
139,AGGRESSIVENESS,BAD
140,AGGRESSOR,BAIL
141,AGGRESSORS,BAILOUT
142,AGGRIEVE,BALK
143,AGGRIEVED,BALKED
144,AGHAST,BANKRUPT
145,AGITATE,BANKRUPTCIES
146,AGITATED,BANKRUPTCY
147,AGITATES,BANKRUPTED
148,AGITATING,BANKRUPTING
149,AGITATION,BANKRUPTS
150,AGITATIONS,BANS
151,AGITATOR,BARRED
152,AGITATORS,BARRIER
153,AGONIZE,BARRIERS
154,AGONIZED,BOTTLENECK
155,AGONIZES,BOTTLENECKS
156,AGONIZING,BOYCOTT
157,AGONIZINGLY,BOYCOTTED
158,AGONY,BOYCOTTING
159,AIL,BOYCOTTS
160,AILED,BREACH
161,AILING,BREACHED
162,AILMENT,BREACHES
163,AILMENTS,BREACHING
164,AILS,BREAK
165,AIMLESS,BREAKAGE
166,AIMLESSLY,BREAKAGES
167,ALARM,BREAKDOWN
168,ALARMED,BREAKDOWNS
169,ALARMING,BREAKING
170,ALARMINGLY,BREAKS
171,ALARMS,BRIBE
172,ALAS,BRIBED
173,ALIBI,BRIBERIES
174,ALIBIS,BRIBERY
175,ALIEN,BRIBES
176,ALIENATE,BRIBING
177,ALIENATES,BRIDGE
178,ALIENATING,BROKEN
179,ALIENATION,BURDEN
180,ALIENATIONS,BURDENED
181,ALIENS,BURDENING
182,ALLEGATION,BURDENS
183,ALLEGATIONS,BURDENSOME
184,ALLEGE,BURNED
185,ALLEGED,CALAMITIES
186,ALLEGES,CALAMITOUS
187,ALOOF,CALAMITY
188,ALTERCATION,CANCEL
189,ALTERCATIONS,CANCELED
190,AMBIGUITIES,CANCELING
191,AMBIGUITY,CANCELLATION
192,AMBIGUOUS,CANCELLATIONS
193,AMBIVALENCE,CANCELLED
194,AMBIVALENT,CANCELLING
195,AMBUSH,CANCELS
196,AMBUSHED,CARELESS
197,AMBUSHES,CARELESSLY
198,AMBUSHING,CARELESSNESS
199,AMISS,CATASTROPHE
200,AMPUTATE,CATASTROPHES
201,AMPUTATED,CATASTROPHIC
202,AMPUTATES,CATASTROPHICALLY
203,AMPUTATING,CAUTION
204,AMPUTATION,CAUTIONARY
205,AMPUTATIONS,CAUTIONED
206,ANARCHIST,CAUTIONING
207,ANARCHISTS,CAUTIONS
208,ANARCHY,CEASE
209,ANGER,CEASED
210,ANGERED,CEASES
211,ANGERS,CEASING
212,ANGRY,CENSURE
213,ANGUISH,CENSURED
214,ANIMOSITY,CENSURES
215,ANNIHILATE,CENSURING
216,ANNIHILATED,CHALLENGE
217,ANNIHILATES,CHALLENGED
218,ANNIHILATING,CHALLENGES
219,ANNIHILATION,CHALLENGING
220,ANNIHILATIONS,CHARGEOFFS
221,ANNOY,CIRCUMVENT
222,ANNOYANCE,CIRCUMVENTED
223,ANNOYANCES,CIRCUMVENTING
224,ANNOYED,CIRCUMVENTION
225,ANNOYING,CIRCUMVENTIONS
226,ANNOYS,CIRCUMVENTS
227,ANOMALOUS,CLAIMING
228,ANOMALOUSLY,CLAIMS
229,ANOMALY,CLAWBACK
230,ANTAGONISM,CLOSED
231,ANTAGONISMS,CLOSEOUT
232,ANTAGONIST,CLOSEOUTS
233,ANTAGONISTIC,CLOSING
234,ANTAGONISTS,CLOSINGS
235,ANTAGONIZE,CLOSURE
236,ANTIPATHY,CLOSURES
237,ANTIQUATED,COERCE
238,ANTISOCIAL,COERCED
239,ANTITRUST,COERCES
240,ANXIETY,COERCING
241,ANXIOUS,COERCION
242,ANXIOUSLY,COERCIVE
243,ANXIOUSNESS,COLLAPSE
244,APATHETIC,COLLAPSED
245,APATHY,COLLAPSES
246,APPALL,COLLAPSING
247,APPALLED,COLLISION
248,APPREHENSION,COLLISIONS
249,APPREHENSIONS,COLLUDE
250,APPREHENSIVE,COLLUDED
251,ARBITRARY,COLLUDES
252,ARDUOUS,COLLUDING
253,ARDUOUSLY,COLLUSION
254,ARGUE,COLLUSIONS
255,ARGUED,COLLUSIVE
256,ARGUING,COMPLAIN
257,ARGUMENT,COMPLAINED
258,ARGUMENTS,COMPLAINING
259,ARREST,COMPLAINS
260,ARRESTED,COMPLAINT
261,ARRESTING,COMPLAINTS
262,ARRESTS,COMPLICATE
263,ARROGANCE,COMPLICATED
264,ARROGANT,COMPLICATES
265,ARTIFICIAL,COMPLICATING
266,ARTIFICIALLY,COMPLICATION
267,ASHAMED,COMPLICATIONS
268,ASSAIL,COMPULSION
269,ASSAILANT,CONCEALED
270,ASSAILANTS,CONCEALING
271,ASSAILED,CONCEDE
272,ASSAILING,CONCEDED
273,ASSAILS,CONCEDES
274,ASSASSIN,CONCEDING
275,ASSASSINATE,CONCERN
276,ASSASSINATED,CONCERNED
277,ASSASSINATES,CONCERNS
278,ASSASSINATION,CONCILIATING
279,ASSASSINATIONS,CONCILIATION
280,ASSASSINS,CONCILIATIONS
281,ASSAULT,CONDEMN
282,ASSAULTED,CONDEMNATION
283,ASSAULTING,CONDEMNATIONS
284,ASSAULTS,CONDEMNED
285,ASTRAY,CONDEMNING
286,ASUNDER,CONDEMNS
287,ATROCIOUS,CONDONE
288,ATROPHIED,CONDONED
289,ATROPHIES,CONFESS
290,ATROPHY,CONFESSED
291,ATTACK,CONFESSES
292,ATTACKED,CONFESSING
293,ATTACKING,CONFESSION
294,ATTACKS,CONFINE
295,AUDACIOUS,CONFINED
296,AUDACITY,CONFINEMENT
297,AUSTERE,CONFINEMENTS
298,AUTOCRAT,CONFINES
299,AUTOCRATIC,CONFINING
300,AUTOCRATS,CONFISCATE
301,AVARICE,CONFISCATED
302,AVARICIOUS,CONFISCATES
303,AVENGE,CONFISCATING
304,AVENGED,CONFISCATION
305,AVENGES,CONFISCATIONS
306,AVENGING,CONFLICT
307,AVERSION,CONFLICTED
308,AVERSIONS,CONFLICTING
309,AVERT,CONFLICTS
310,AVERTED,CONFRONT
311,AVERTING,CONFRONTATION
312,AVERTS,CONFRONTATIONAL
313,AVOID,CONFRONTATIONS
314,AVOIDANCE,CONFRONTED
315,AVOIDANCES,CONFRONTING
316,AVOIDED,CONFRONTS
317,AVOIDING,CONFUSE
318,AVOIDS,CONFUSED
319,AWFUL,CONFUSES
320,AWFULLY,CONFUSING
321,AWKWARD,CONFUSINGLY
322,AWKWARDLY,CONFUSION
323,AWKWARDNESS,CONSPIRACIES
324,AX,CONSPIRACY
325,AXES,CONSPIRATOR
326,BABBLE,CONSPIRATORIAL
327,BABBLES,CONSPIRATORS
328,BACKWARD,CONSPIRE
329,BACKWARDNESS,CONSPIRED
330,BAD,CONSPIRES
331,BADLY,CONSPIRING
332,BAFFLE,CONTEMPT
333,BAFFLED,CONTEND
334,BAFFLEMENT,CONTENDED
335,BAFFLING,CONTENDING
336,BAIL,CONTENDS
337,BAILED,CONTENTION
338,BAILS,CONTENTIONS
339,BAIT,CONTENTIOUS
340,BAITED,CONTENTIOUSLY
341,BAITING,CONTESTED
342,BALK,CONTESTING
343,BALKED,CONTRACTION
344,BALKS,CONTRACTIONS
345,BANAL,CONTRADICT
346,BANDIT,CONTRADICTED
347,BANDITS,CONTRADICTING
348,BANE,CONTRADICTION
349,BANES,CONTRADICTIONS
350,BANISH,CONTRADICTORY
351,BANISHED,CONTRADICTS
352,BANISHES,CONTRARY
353,BANISHING,CONTROVERSIAL
354,BANISHMENT,CONTROVERSIES
355,BANKRUPT,CONTROVERSY
356,BANKRUPTCIES,CONVICT
357,BANKRUPTCY,CONVICTED
358,BANKRUPTED,CONVICTING
359,BANKRUPTING,CONVICTION
360,BANKRUPTS,CONVICTIONS
361,BAR,CORRECTED
362,BARBARIAN,CORRECTING
363,BARBARIANS,CORRECTION
364,BARBAROUS,CORRECTIONS
365,BARRED,CORRECTS
366,BARREN,CORRUPT
367,BARRIER,CORRUPTED
368,BARRIERS,CORRUPTING
369,BARRING,CORRUPTION
370,BARS,CORRUPTIONS
371,BASHFUL,CORRUPTLY
372,BASTARD,CORRUPTNESS
373,BASTARDS,COSTLY
374,BATTLE,COUNTERCLAIM
375,BATTLED,COUNTERCLAIMED
376,BATTLEFIELD,COUNTERCLAIMING
377,BATTLEFIELDS,COUNTERCLAIMS
378,BATTLES,COUNTERFEIT
379,BEASTLY,COUNTERFEITED
380,BEAT,COUNTERFEITER
381,BEATS,COUNTERFEITERS
382,BEG,COUNTERFEITING
383,BEGGAR,COUNTERFEITS
384,BEGGARS,COUNTERMEASURE
385,BEGGED,COUNTERMEASURES
386,BEGGING,CRIME
387,BEGS,CRIMES
388,BEHEAD,CRIMINAL
389,BEHEADED,CRIMINALLY
390,BEHEADS,CRIMINALS
391,BELATED,CRISES
392,BELATEDLY,CRISIS
393,BELIE,CRITICAL
394,BELIES,CRITICALLY
395,BELITTLE,CRITICISM
396,BELITTLED,CRITICISMS
397,BELITTLES,CRITICIZE
398,BELLIGERENT,CRITICIZED
399,BELLIGERENTS,CRITICIZES
400,BELT,CRITICIZING
401,BELTED,CRUCIAL
402,BELTS,CRUCIALLY
403,BEREAVE,CULPABILITY
404,BEREAVED,CULPABLE
405,BEREAVEMENT,CULPABLY
406,BEREAVEMENTS,CUMBERSOME
407,BEREAVES,CURTAIL
408,BEREFT,CURTAILED
409,BERSERK,CURTAILING
410,BESEECH,CURTAILMENT
411,BESEECHED,CURTAILMENTS
412,BESET,CURTAILS
413,BESETS,CUT
414,BESIEGE,CUTBACK
415,BESIEGED,CUTBACKS
416,BETRAY,CYBERATTACK
417,BETRAYAL,CYBERATTACKS
418,BETRAYALS,CYBERBULLYING
419,BETRAYS,CYBERCRIME
420,BEWARE,CYBERCRIMES
421,BEWARES,CYBERCRIMINAL
422,BEWILDER,CYBERCRIMINALS
423,BEWILDERED,DAMAGE
424,BEWILDERMENT,DAMAGED
425,BIT,DAMAGES
426,BITCHY,DAMAGING
427,BITE,DAMPEN
428,BITES,DAMPENED
429,BITTER,DANGER
430,BITTERNESS,DANGEROUS
431,BIZARRE,DANGEROUSLY
432,BLACKMAIL,DANGERS
433,BLACKMAILED,DEADLOCK
434,BLACKMAILING,DEADLOCKED
435,BLACKMAILS,DEADLOCKING
436,BLAH,DEADLOCKS
437,BLAHS,DEADWEIGHT
438,BLAME,DEADWEIGHTS
439,BLAMED,DEBARMENT
440,BLAMES,DEBARMENTS
441,BLAND,DEBARRED
442,BLAST,DECEASED
443,BLASTED,DECEIT
444,BLATANT,DECEITFUL
445,BLATANTLY,DECEITFULNESS
446,BLEAK,DECEIVE
447,BLEMISH,DECEIVED
448,BLEMISHED,DECEIVES
449,BLEMISHES,DECEIVING
450,BLEMISHING,DECEPTION
451,BLIND,DECEPTIONS
452,BLINDED,DECEPTIVE
453,BLINDNESS,DECEPTIVELY
454,BLOCK,DECLINE
455,BLOCKED,DECLINED
456,BLOCKHEAD,DECLINES
457,BLOCKHEADED,DECLINING
458,BLOCKHEADS,DEFACE
459,BLOCKING,DEFACED
460,BLOCKS,DEFACEMENT
461,BLOODSHED,DEFAMATION
462,BLOODTHIRSTY,DEFAMATIONS
463,BLOODY,DEFAMATORY
464,BLOW,DEFAME
465,BLOWS,DEFAMED
466,BLUNDER,DEFAMES
467,BLUNT,DEFAMING
468,BLUNTED,DEFAULT
469,BLUR,DEFAULTED
470,BLURRED,DEFAULTING
471,BLURRING,DEFAULTS
472,BLURS,DEFEAT
473,BLURT,DEFEATED
474,BLURTED,DEFEATING
475,BOARD,DEFEATS
476,BOAST,DEFECT
477,BOASTED,DEFECTIVE
478,BOASTFUL,DEFECTS
479,BOASTING,DEFEND
480,BOASTS,DEFENDANT
481,BOGUS,DEFENDANTS
482,BOISTEROUS,DEFENDED
483,BOLT,DEFENDING
484,BOLTED,DEFENDS
485,BOLTS,DEFENSIVE
486,BOMB,DEFER
487,BOMBARD,DEFICIENCIES
488,BOMBARDED,DEFICIENCY
489,BOMBARDING,DEFICIENT
490,BOMBARDMENT,DEFICIT
491,BOMBARDS,DEFICITS
492,BOMBING,DEFRAUD
493,BOMBS,DEFRAUDED
494,BONDAGE,DEFRAUDING
495,BOOT,DEFRAUDS
496,BOOTED,DEFUNCT
497,BOOTS,DEGRADATION
498,BORE,DEGRADATIONS
499,BORED,DEGRADE
500,BOREDOM,DEGRADED
501,BORES,DEGRADES
502,BORING,DEGRADING
503,BOTHER,DELAY
504,BOTHERED,DELAYED
505,BOTHERING,DELAYING
506,BOTHERS,DELAYS
507,BOTHERSOME,DELETERIOUS
508,BOUND,DELIBERATE
509,BOUT,DELIBERATED
510,BOUTS,DELIBERATELY
511,BOX,DELINQUENCIES
512,BOXED,DELINQUENCY
513,BOXES,DELINQUENT
514,BRAG,DELINQUENTLY
515,BRAGGING,DELINQUENTS
516,BRAGS,DELIST
517,BRANDISH,DELISTED
518,BRANDISHED,DELISTING
519,BRANDISHES,DELISTS
520,BRANDISHING,DEMISE
521,BRAT,DEMISED
522,BRATS,DEMISES
523,BRAVADO,DEMISING
524,BRAWL,DEMOLISH
525,BRAWLS,DEMOLISHED
526,BRAZEN,DEMOLISHES
527,BREACH,DEMOLISHING
528,BREACHED,DEMOLITION
529,BREACHES,DEMOLITIONS
530,BREACHING,DEMOTE
531,BREAK,DEMOTED
532,BREAKDOWN,DEMOTES
533,BREAKDOWNS,DEMOTING
534,BREAKING,DEMOTION
535,BREAKS,DEMOTIONS
536,BRIBE,DENIAL
537,BRIBED,DENIALS
538,BRIBERY,DENIED
539,BRIBES,DENIES
540,BRIBING,DENIGRATE
541,BRISTLE,DENIGRATED
542,BRISTLED,DENIGRATES
543,BRISTLES,DENIGRATING
544,BRITTLE,DENIGRATION
545,BROKE,DENY
546,BROKEN,DENYING
547,BROKENHEARTED,DEPLETE
548,BROOD,DEPLETED
549,BROODS,DEPLETES
550,BRUISE,DEPLETING
551,BRUISED,DEPLETION
552,BRUISES,DEPLETIONS
553,BRUISING,DEPRECATION
554,BRUSQUE,DEPRESS
555,BRUTALITY,DEPRESSED
556,BRUTE,DEPRESSES
557,BRUTISH,DEPRESSING
558,BUCKLE,DEPRIVATION
559,BUCKLED,DEPRIVE
560,BUCKLES,DEPRIVED
561,BUCKLING,DEPRIVES
562,BUG,DEPRIVING
563,BUGS,DERELICT
564,BULLET,DERELICTION
565,BULLETS,DEROGATORY
566,BUM,DESTABILIZATION
567,BUNGLE,DESTABILIZE
568,BUNGLED,DESTABILIZED
569,BUNGLES,DESTABILIZING
570,BURDEN,DESTROY
571,BURDENED,DESTROYED
572,BURDENING,DESTROYING
573,BURDENS,DESTROYS
574,BURDENSOME,DESTRUCTION
575,BURGLAR,DESTRUCTIVE
576,BURGLARS,DETAIN
577,BURGLARY,DETAINED
578,BURIED,DETENTION
579,BURIES,DETENTIONS
580,BURN,DETER
581,BURNED,DETERIORATE
582,BURNING,DETERIORATED
583,BURNS,DETERIORATES
584,BURY,DETERIORATING
585,BUSYBODIES,DETERIORATION
586,BUSYBODY,DETERIORATIONS
587,BUTCHERY,DETERRED
588,CALAMITIES,DETERRENCE
589,CALAMITY,DETERRENCES
590,CALLOUS,DETERRENT
591,CANCEL,DETERRENTS
592,CANCELED,DETERRING
593,CANCELING,DETERS
594,CANCELLATION,DETRACT
595,CANCELLATIONS,DETRACTED
596,CANCELLED,DETRACTING
597,CANCELLING,DETRIMENT
598,CANCELS,DETRIMENTAL
599,CANCER,DETRIMENTALLY
600,CANCERS,DETRIMENTS
601,CANNIBAL,DEVALUE
602,CANNIBALS,DEVALUED
603,CANNON,DEVALUES
604,CANNONS,DEVALUING
605,CAPITAL,DEVASTATE
606,CAPITULATE,DEVASTATED
607,CAPITULATED,DEVASTATING
608,CAPITULATES,DEVASTATION
609,CAPITULATING,DEVIATE
610,CAPRICIOUS,DEVIATED
611,CAPSIZE,DEVIATES
612,CAPSIZED,DEVIATING
613,CAPTIVE,DEVIATION
614,CAPTIVES,DEVIATIONS
615,CAPTURE,DEVOLVE
616,CAPTURED,DEVOLVED
617,CAPTURES,DEVOLVES
618,CAREEN,DEVOLVING
619,CAREENS,DIFFICULT
620,CARELESS,DIFFICULTIES
621,CARELESSNESS,DIFFICULTLY
622,CASUALTIES,DIFFICULTY
623,CASUALTY,DIMINISH
624,CATACLYSM,DIMINISHED
625,CATASTROPHE,DIMINISHES
626,CATASTROPHES,DIMINISHING
627,CATASTROPHIC,DIMINUTION
628,CATCH,DISADVANTAGE
629,CAVE,DISADVANTAGED
630,CENSOR,DISADVANTAGEOUS
631,CENSORED,DISADVANTAGES
632,CENSORING,DISAFFILIATION
633,CENSORS,DISAGREE
634,CENSORSHIP,DISAGREEABLE
635,CENSURE,DISAGREED
636,CENSURED,DISAGREEING
637,CENSURES,DISAGREEMENT
638,CENSURING,DISAGREEMENTS
639,CHAFE,DISAGREES
640,CHAFED,DISALLOW
641,CHAFES,DISALLOWANCE
642,CHALLENGE,DISALLOWANCES
643,CHALLENGED,DISALLOWED
644,CHALLENGES,DISALLOWING
645,CHALLENGING,DISALLOWS
646,CHAOS,DISAPPEAR
647,CHAOTIC,DISAPPEARANCE
648,CHARGE,DISAPPEARANCES
649,CHARGED,DISAPPEARED
650,CHARGES,DISAPPEARING
651,CHARGING,DISAPPEARS
652,CHASE,DISAPPOINT
653,CHASED,DISAPPOINTED
654,CHASES,DISAPPOINTING
655,CHASTISE,DISAPPOINTINGLY
656,CHASTISED,DISAPPOINTMENT
657,CHEAP,DISAPPOINTMENTS
658,CHEAPEN,DISAPPOINTS
659,CHEAPENING,DISAPPROVAL
660,CHEAPENS,DISAPPROVALS
661,CHEATER,DISAPPROVE
662,CHEATERS,DISAPPROVED
663,CHIDE,DISAPPROVES
664,CHIDED,DISAPPROVING
665,CHIDES,DISASSOCIATES
666,CHIDING,DISASSOCIATING
667,CHILDISH,DISASSOCIATION
668,CHOKE,DISASSOCIATIONS
669,CHOKED,DISASTER
670,CHOKES,DISASTERS
671,CHOKING,DISASTROUS
672,CHORE,DISASTROUSLY
673,CHORES,DISAVOW
674,CHRONIC,DISAVOWAL
675,CIRCLE,DISAVOWED
676,CIRCLES,DISAVOWING
677,CLAMOR,DISAVOWS
678,CLAMORED,DISCIPLINARY
679,CLAMORING,DISCLAIM
680,CLAMOROUS,DISCLAIMED
681,CLAMORS,DISCLAIMER
682,CLASH,DISCLAIMERS
683,CLASHED,DISCLAIMING
684,CLASHES,DISCLAIMS
685,CLASHING,DISCLOSE
686,CLATTER,DISCLOSED
687,CLATTERED,DISCLOSES
688,CLATTERS,DISCLOSING
689,CLIQUE,DISCONTINUANCE
690,CLIQUES,DISCONTINUANCES
691,CLOG,DISCONTINUATION
692,CLOGGED,DISCONTINUATIONS
693,CLOGGING,DISCONTINUE
694,CLOGS,DISCONTINUED
695,CLOSE,DISCONTINUES
696,CLOSED,DISCONTINUING
697,CLOSES,DISCOURAGE
698,CLOSING,DISCOURAGED
699,CLOSINGS,DISCOURAGES
700,CLUB,DISCOURAGING
701,CLUBBED,DISCREDIT
702,CLUBBING,DISCREDITED
703,CLUBS,DISCREDITING
704,CLUMSY,DISCREDITS
705,CLUTTER,DISCREPANCIES
706,CLUTTERED,DISCREPANCY
707,CLUTTERING,DISFAVOR
708,CLUTTERS,DISFAVORED
709,COARSE,DISFAVORING
710,COARSENESS,DISFAVORS
711,COCKINESS,DISGORGE
712,COCKY,DISGORGED
713,COERCE,DISGORGEMENT
714,COERCED,DISGORGEMENTS
715,COERCES,DISGORGES
716,COERCING,DISGORGING
717,COERCION,DISGRACE
718,COERCIVE,DISGRACEFUL
719,COLD,DISGRACEFULLY
720,COLLAPSE,DISHONEST
721,COLLAPSED,DISHONESTLY
722,COLLAPSES,DISHONESTY
723,COLLAPSING,DISHONOR
724,COLLIDE,DISHONORABLE
725,COLLIDED,DISHONORABLY
726,COLLIDES,DISHONORED
727,COLLIDING,DISHONORING
728,COLLISION,DISHONORS
729,COLLISIONS,DISINCENTIVES
730,COLLUSION,DISINTERESTED
731,COLONIES,DISINTERESTEDLY
732,COLONY,DISINTERESTEDNESS
733,COMBAT,DISLOYAL
734,COMBATANT,DISLOYALLY
735,COMBATING,DISLOYALTY
736,COMBATS,DISMAL
737,COMMISERATION,DISMALLY
738,COMMIT,DISMISS
739,COMMITS,DISMISSAL
740,COMMITTED,DISMISSALS
741,COMMITTING,DISMISSED
742,COMMONER,DISMISSES
743,COMMONERS,DISMISSING
744,COMMONPLACE,DISORDERLY
745,COMMOTION,DISPARAGE
746,COMPEL,DISPARAGED
747,COMPELLED,DISPARAGEMENT
748,COMPELLING,DISPARAGEMENTS
749,COMPELS,DISPARAGES
750,COMPETE,DISPARAGING
751,COMPETED,DISPARAGINGLY
752,COMPETES,DISPARITIES
753,COMPETING,DISPARITY
754,COMPETITION,DISPLACE
755,COMPETITIVE,DISPLACED
756,COMPETITOR,DISPLACEMENT
757,COMPLAIN,DISPLACEMENTS
758,COMPLAINED,DISPLACES
759,COMPLAINING,DISPLACING
760,COMPLAINS,DISPOSE
761,COMPLAINT,DISPOSSESS
762,COMPLAINTS,DISPOSSESSED
763,COMPLEX,DISPOSSESSES
764,COMPLEXITY,DISPOSSESSING
765,COMPLICATE,DISPROPORTION
766,COMPLICATED,DISPROPORTIONAL
767,COMPLICATES,DISPROPORTIONATE
768,COMPLICATING,DISPROPORTIONATELY
769,COMPLICATION,DISPUTE
770,COMPLICATIONS,DISPUTED
771,COMPLICITY,DISPUTES
772,COMPULSION,DISPUTING
773,COMPULSIONS,DISQUALIFICATION
774,CONCEAL,DISQUALIFICATIONS
775,CONCEALED,DISQUALIFIED
776,CONCEALING,DISQUALIFIES
777,CONCEALS,DISQUALIFY
778,CONCEIT,DISQUALIFYING
779,CONCEITED,DISREGARD
780,CONCEITS,DISREGARDED
781,CONCERN,DISREGARDING
782,CONCERNED,DISREGARDS
783,CONCERNS,DISREPUTABLE
784,CONDEMN,DISREPUTE
785,CONDEMNATION,DISRUPT
786,CONDEMNED,DISRUPTED
787,CONDEMNING,DISRUPTING
788,CONDEMNS,DISRUPTION
789,CONDESCENDING,DISRUPTIONS
790,CONDESCENSION,DISRUPTIVE
791,CONFESS,DISRUPTS
792,CONFESSED,DISSATISFACTION
793,CONFESSES,DISSATISFIED
794,CONFESSING,DISSENT
795,CONFESSION,DISSENTED
796,CONFESSIONS,DISSENTER
797,CONFINE,DISSENTERS
798,CONFINED,DISSENTING
799,CONFINEMENT,DISSENTS
800,CONFINES,DISSIDENT
801,CONFINING,DISSIDENTS
802,CONFISCATE,DISSOLUTION
803,CONFISCATED,DISSOLUTIONS
804,CONFISCATES,DISTORT
805,CONFISCATING,DISTORTED
806,CONFISCATION,DISTORTING
807,CONFLICT,DISTORTION
808,CONFLICTING,DISTORTIONS
809,CONFLICTS,DISTORTS
810,CONFOUND,DISTRACT
811,CONFOUNDED,DISTRACTED
812,CONFOUNDING,DISTRACTING
813,CONFOUNDS,DISTRACTION
814,CONFRONT,DISTRACTIONS
815,CONFRONTATION,DISTRACTS
816,CONFRONTATIONS,DISTRESS
817,CONFRONTED,DISTRESSED
818,CONFRONTING,DISTURB
819,CONFRONTS,DISTURBANCE
820,CONFUSE,DISTURBANCES
821,CONFUSED,DISTURBED
822,CONFUSES,DISTURBING
823,CONFUSING,DISTURBS
824,CONFUSION,DIVERSION
825,CONGESTED,DIVERT
826,CONGESTION,DIVERTED
827,CONSPIRACIES,DIVERTING
828,CONSPIRACY,DIVERTS
829,CONSPIRATOR,DIVEST
830,CONSPIRATORS,DIVESTED
831,CONSPIRE,DIVESTING
832,CONSPIRED,DIVESTITURE
833,CONSPIRES,DIVESTITURES
834,CONSPIRING,DIVESTMENT
835,CONSTERNATION,DIVESTMENTS
836,CONSTRAIN,DIVESTS
837,CONSTRAINED,DIVORCE
838,CONSTRAINING,DIVORCED
839,CONSTRAINS,DIVULGE
840,CONSTRAINT,DIVULGED
841,CONSTRAINTS,DIVULGES
842,CONSUMPTIVE,DIVULGING
843,CONTAGIOUS,DOUBT
844,CONTAMINATE,DOUBTED
845,CONTAMINATED,DOUBTFUL
846,CONTAMINATES,DOUBTS
847,CONTAMINATING,DOWNGRADE
848,CONTAMINATION,DOWNGRADED
849,CONTEMPT,DOWNGRADES
850,CONTEMPTIBLE,DOWNGRADING
851,CONTEMPTS,DOWNSIZE
852,CONTEMPTUOUS,DOWNSIZED
853,CONTEND,DOWNSIZES
854,CONTENDED,DOWNSIZING
855,CONTENDING,DOWNSIZINGS
856,CONTENDS,DOWNTIME
857,CONTENTION,DOWNTIMES
858,CONTRADICT,DOWNTURN
859,CONTRADICTED,DOWNTURNS
860,CONTRADICTING,DOWNWARD
861,CONTRADICTION,DOWNWARDS
862,CONTRADICTIONS,DRAG
863,CONTRADICTORY,DRASTIC
864,CONTRADICTS,DRASTICALLY
865,CONTRARY,DRAWBACK
866,CONTROVERSIAL,DRAWBACKS
867,CONTROVERSIES,DROPPED
868,CONTROVERSY,DROUGHT
869,CONVICT,DROUGHTS
870,CONVICTED,DURESS
871,CONVICTING,DYSFUNCTION
872,CONVICTION,DYSFUNCTIONAL
873,CONVICTS,DYSFUNCTIONS
874,COOL,EASING
875,COOLNESS,EGREGIOUS
876,CORRODE,EGREGIOUSLY
877,CORRODED,EMBARGO
878,CORRODES,EMBARGOED
879,CORRODING,EMBARGOES
880,CORROSION,EMBARGOING
881,CORROSIVE,EMBARRASS
882,CORRUPT,EMBARRASSED
883,CORRUPTED,EMBARRASSES
884,CORRUPTING,EMBARRASSING
885,CORRUPTION,EMBARRASSMENT
886,CORRUPTS,EMBARRASSMENTS
887,COST,EMBEZZLE
888,COSTING,EMBEZZLED
889,COSTLINESS,EMBEZZLEMENT
890,COSTLY,EMBEZZLEMENTS
891,COSTS,EMBEZZLER
892,COUNTERACT,EMBEZZLES
893,COUNTERACTED,EMBEZZLING
894,COUNTERACTING,ENCROACH
895,COUNTERACTION,ENCROACHED
896,COUNTERACTIONS,ENCROACHES
897,COUNTERACTS,ENCROACHING
898,COUNTERFEIT,ENCROACHMENT
899,COUNTERFEITED,ENCROACHMENTS
900,COUNTERFEITING,ENCUMBER
901,COUNTERFEITS,ENCUMBERED
902,COVERT,ENCUMBERING
903,COVET,ENCUMBERS
904,COVETED,ENCUMBRANCE
905,COVETING,ENCUMBRANCES
906,COVETS,ENDANGER
907,COWARD,ENDANGERED
908,COWARDS,ENDANGERING
909,CRAFTY,ENDANGERMENT
910,CRAM,ENDANGERS
911,CRAMMED,ENJOIN
912,CRAMMING,ENJOINED
913,CRAMP,ENJOINING
914,CRAMPED,ENJOINS
915,CRAMPING,ERODE
916,CRAMPS,ERODED
917,CRAMS,ERODES
918,CRANKY,ERODING
919,CRASS,EROSION
920,CRAVE,ERRATIC
921,CRAVED,ERRATICALLY
922,CRAVES,ERRED
923,CRAVING,ERRING
924,CRAWL,ERRONEOUS
925,CRAWLED,ERRONEOUSLY
926,CRAWLING,ERROR
927,CRAWLS,ERRORS
928,CRAZE,ERRS
929,CRAZINESS,ESCALATE
930,CRAZY,ESCALATED
931,CREDULOUS,ESCALATES
932,CRIME,ESCALATING
933,CRIMES,EVADE
934,CRIMINAL,EVADED
935,CRIMINALS,EVADES
936,CRINGE,EVADING
937,CRIPPLE,EVASION
938,CRIPPLED,EVASIONS
939,CRIPPLES,EVASIVE
940,CRIPPLING,EVICT
941,CRISES,EVICTED
942,CRISIS,EVICTING
943,CRITIC,EVICTION
944,CRITICIZE,EVICTIONS
945,CRITICIZED,EVICTS
946,CRITICIZES,EXACERBATE
947,CRITICIZING,EXACERBATED
948,CRITICS,EXACERBATES
949,CROAK,EXACERBATING
950,CROAKED,EXACERBATION
951,CROAKS,EXACERBATIONS
952,CROOK,EXAGGERATE
953,CROOKED,EXAGGERATED
954,CROOKS,EXAGGERATES
955,CROSS,EXAGGERATING
956,CRUDE,EXAGGERATION
957,CRUEL,EXCESSIVE
958,CRUELTY,EXCESSIVELY
959,CRUMBLE,EXCULPATE
960,CRUMBLED,EXCULPATED
961,CRUMBLES,EXCULPATES
962,CRUMBLING,EXCULPATING
963,CRUMPLE,EXCULPATION
964,CRUSH,EXCULPATIONS
965,CRUSHED,EXCULPATORY
966,CRUSHES,EXONERATE
967,CRUSHING,EXONERATED
968,CULPABILITY,EXONERATES
969,CULPABLE,EXONERATING
970,CULPRIT,EXONERATION
971,CULPRITS,EXONERATIONS
972,CUMBERSOME,EXPLOIT
973,CURSE,EXPLOITATION
974,CURSED,EXPLOITATIONS
975,CURSES,EXPLOITATIVE
976,CURSING,EXPLOITED
977,CURSORY,EXPLOITING
978,CURT,EXPLOITS
979,CURTAIL,EXPOSE
980,CURTAILED,EXPOSED
981,CURTAILING,EXPOSES
982,CURTAILMENT,EXPOSING
983,CURTAILMENTS,EXPROPRIATE
984,CURTAILS,EXPROPRIATED
985,CUT,EXPROPRIATES
986,CUTS,EXPROPRIATING
987,CUTTING,EXPROPRIATION
988,CYNICAL,EXPROPRIATIONS
989,CYNICISM,EXPULSION
990,DAMAGE,EXPULSIONS
991,DAMAGED,EXTENUATING
992,DAMAGES,FAIL
993,DAMAGING,FAILED
994,DAMN,FAILING
995,DAMNABLE,FAILINGS
996,DAMNED,FAILS
997,DAMNING,FAILURE
998,DAMNS,FAILURES
999,DANGER,FALLOUT
1000,DANGEROUS,FALSE
1001,DANGERS,FALSELY
1002,DARK,FALSIFICATION
1003,DARKEN,FALSIFICATIONS
1004,DARKNESS,FALSIFIED
1005,DARN,FALSIFIES
1006,DAUNTING,FALSIFY
1007,DAWDLE,FALSIFYING
1008,DAZE,FALSITY
1009,DAZED,FATALITIES
1010,DEAD,FATALITY
1011,DEADLOCK,FATALLY
1012,DEADLY,FAULT
1013,DEADWEIGHT,FAULTED
1014,DEADWEIGHTS,FAULTS
1015,DEAF,FAULTY
1016,DEAFNESS,FEAR
1017,DEAL,FEARS
1018,DEALING,FELONIES
1019,DEALS,FELONIOUS
1020,DEARTH,FELONY
1021,DEATH,FICTITIOUS
1022,DEATHS,FINED
1023,DEBATABLE,FINES
1024,DEBTOR,FIRED
1025,DEBTORS,FIRING
1026,DECADENCE,FLAW
1027,DECADENT,FLAWED
1028,DECAY,FLAWS
1029,DECAYED,FORBID
1030,DECAYING,FORBIDDEN
1031,DECAYS,FORBIDDING
1032,DECEASE,FORBIDS
1033,DECEASED,FORCE
1034,DECEIT,FORCED
1035,DECEITFUL,FORCING
1036,DECEIVE,FORECLOSE
1037,DECEIVED,FORECLOSED
1038,DECEIVES,FORECLOSES
1039,DECEIVING,FORECLOSING
1040,DECEPTION,FORECLOSURE
1041,DECEPTIVE,FORECLOSURES
1042,DECLINE,FOREGO
1043,DECLINED,FOREGOES
1044,DECLINES,FOREGONE
1045,DECLINING,FORESTALL
1046,DECOMPOSE,FORESTALLED
1047,DECOMPOSED,FORESTALLING
1048,DECOMPOSES,FORESTALLS
1049,DECOMPOSING,FORFEIT
1050,DECREASE,FORFEITED
1051,DECREASED,FORFEITING
1052,DECREASES,FORFEITS
1053,DECREASING,FORFEITURE
1054,DEFAMATION,FORFEITURES
1055,DEFAMATORY,FORGERS
1056,DEFAME,FORGERY
1057,DEFAMED,FRAUD
1058,DEFAMES,FRAUDS
1059,DEFAMING,FRAUDULENCE
1060,DEFAULT,FRAUDULENT
1061,DEFAULTED,FRAUDULENTLY
1062,DEFAULTING,FRIVOLOUS
1063,DEFAULTS,FRIVOLOUSLY
1064,DEFEAT,FRUSTRATE
1065,DEFEATED,FRUSTRATED
1066,DEFEATING,FRUSTRATES
1067,DEFEATS,FRUSTRATING
1068,DEFECT,FRUSTRATINGLY
1069,DEFECTIVE,FRUSTRATION
1070,DEFECTS,FRUSTRATIONS
1071,DEFENDANT,FUGITIVE
1072,DEFENDANTS,FUGITIVES
1073,DEFENSIVE,GRATUITOUS
1074,DEFIANCE,GRATUITOUSLY
1075,DEFIANT,GRIEVANCE
1076,DEFICIENCIES,GRIEVANCES
1077,DEFICIENCY,GROSSLY
1078,DEFICIENT,GROUNDLESS
1079,DEFICIT,GUILTY
1080,DEFICITS,HALT
1081,DEFIED,HALTED
1082,DEFIES,HAMPER
1083,DEFILE,HAMPERED
1084,DEFILED,HAMPERING
1085,DEFILES,HAMPERS
1086,DEFILING,HARASS
1087,DEFY,HARASSED
1088,DEFYING,HARASSING
1089,DEGENERATE,HARASSMENT
1090,DEGENERATED,HARDSHIP
1091,DEGENERATES,HARDSHIPS
1092,DEGENERATING,HARM
1093,DEGRADATION,HARMED
1094,DEGRADE,HARMFUL
1095,DEGRADED,HARMFULLY
1096,DEGRADES,HARMING
1097,DEGRADING,HARMS
1098,DEJECTED,HARSH
1099,DELAY,HARSHER
1100,DELAYED,HARSHEST
1101,DELAYING,HARSHLY
1102,DELAYS,HARSHNESS
1103,DELINQUENCIES,HAZARD
1104,DELINQUENCY,HAZARDOUS
1105,DELINQUENT,HAZARDS
1106,DELINQUENTS,HINDER
1107,DELIRIUM,HINDERED
1108,DELUGE,HINDERING
1109,DELUSION,HINDERS
1110,DEMEAN,HINDRANCE
1111,DEMEANED,HINDRANCES
1112,DEMEANING,HOSTILE
1113,DEMEANS,HOSTILITY
1114,DEMISE,HURT
1115,DEMISED,HURTING
1116,DEMISES,IDLE
1117,DEMISING,IDLED
1118,DEMOLISH,IDLING
1119,DEMOLISHED,IGNORE
1120,DEMOLISHING,IGNORED
1121,DEMOLITION,IGNORES
1122,DEMON,IGNORING
1123,DEMONS,ILL
1124,DEMORALIZE,ILLEGAL
1125,DEMORALIZED,ILLEGALITIES
1126,DENIAL,ILLEGALITY
1127,DENIALS,ILLEGALLY
1128,DENIED,ILLEGIBLE
1129,DENIES,ILLICIT
1130,DENOUNCE,ILLICITLY
1131,DENOUNCED,ILLIQUID
1132,DENOUNCES,ILLIQUIDITY
1133,DENOUNCING,IMBALANCE
1134,DENT,IMBALANCES
1135,DENTED,IMMATURE
1136,DENTING,IMMORAL
1137,DENTS,IMPAIR
1138,DENY,IMPAIRED
1139,DENYING,IMPAIRING
1140,DEPENDENT,IMPAIRMENT
1141,DEPLETE,IMPAIRMENTS
1142,DEPLETED,IMPAIRS
1143,DEPLETES,IMPASSE
1144,DEPLETING,IMPASSES
1145,DEPLETION,IMPEDE
1146,DEPLORABLE,IMPEDED
1147,DEPLORE,IMPEDES
1148,DEPOSE,IMPEDIMENT
1149,DEPOSED,IMPEDIMENTS
1150,DEPRAVED,IMPEDING
1151,DEPRECIATE,IMPENDING
1152,DEPRECIATED,IMPERATIVE
1153,DEPRECIATES,IMPERFECTION
1154,DEPRECIATING,IMPERFECTIONS
1155,DEPRECIATION,IMPERIL
1156,DEPRESS,IMPERMISSIBLE
1157,DEPRESSED,IMPLICATE
1158,DEPRESSING,IMPLICATED
1159,DEPRESSION,IMPLICATES
1160,DEPRIVATION,IMPLICATING
1161,DEPRIVE,IMPOSSIBILITY
1162,DEPRIVED,IMPOSSIBLE
1163,DEPRIVES,IMPOUND
1164,DEPRIVING,IMPOUNDED
1165,DERIDE,IMPOUNDING
1166,DERIDED,IMPOUNDS
1167,DERIDES,IMPRACTICABLE
1168,DERIDING,IMPRACTICAL
1169,DERISION,IMPRACTICALITIES
1170,DERISIVE,IMPRACTICALITY
1171,DEROGATORY,IMPRISONMENT
1172,DESERT,IMPROPER
1173,DESERTED,IMPROPERLY
1174,DESERTING,IMPROPRIETIES
1175,DESERTION,IMPROPRIETY
1176,DESERTS,IMPRUDENT
1177,DESIRE,IMPRUDENTLY
1178,DESIRED,INABILITY
1179,DESIRES,INACCESSIBLE
1180,DESIRING,INACCURACIES
1181,DESOLATE,INACCURACY
1182,DESOLATION,INACCURATE
1183,DESPAIR,INACCURATELY
1184,DESPERATE,INACTION
1185,DESPERATION,INACTIONS
1186,DESPICABLE,INACTIVATE
1187,DESPISE,INACTIVATED
1188,DESPISED,INACTIVATES
1189,DESTITUTE,INACTIVATING
1190,DESTROY,INACTIVATION
1191,DESTROYED,INACTIVATIONS
1192,DESTROYING,INACTIVITY
1193,DESTROYS,INADEQUACIES
1194,DESTRUCTION,INADEQUACY
1195,DESTRUCTIVE,INADEQUATE
1196,DETACHMENT,INADEQUATELY
1197,DETAIN,INADVERTENT
1198,DETAINED,INADVERTENTLY
1199,DETAINING,INADVISABILITY
1200,DETAINS,INADVISABLE
1201,DETER,INAPPROPRIATE
1202,DETERRENT,INAPPROPRIATELY
1203,DETERRING,INATTENTION
1204,DETERS,INCAPABLE
1205,DETEST,INCAPACITATED
1206,DETESTABLE,INCAPACITY
1207,DETESTS,INCARCERATE
1208,DETRACT,INCARCERATED
1209,DETRACTED,INCARCERATES
1210,DETRACTING,INCARCERATING
1211,DETRACTS,INCARCERATION
1212,DETRIMENT,INCARCERATIONS
1213,DETRIMENTAL,INCIDENCE
1214,DEVASTATE,INCIDENCES
1215,DEVASTATED,INCIDENT
1216,DEVASTATES,INCIDENTS
1217,DEVASTATING,INCOMPATIBILITIES
1218,DEVASTATION,INCOMPATIBILITY
1219,DEVIATE,INCOMPATIBLE
1220,DEVIATED,INCOMPETENCE
1221,DEVIATES,INCOMPETENCY
1222,DEVIATING,INCOMPETENT
1223,DEVIATION,INCOMPETENTLY
1224,DEVIATIONS,INCOMPETENTS
1225,DEVIL,INCOMPLETE
1226,DEVILISH,INCOMPLETELY
1227,DEVILS,INCOMPLETENESS
1228,DEVIOUS,INCONCLUSIVE
1229,DEVOID,INCONSISTENCIES
1230,DIABOLIC,INCONSISTENCY
1231,DIABOLICAL,INCONSISTENT
1232,DICTATE,INCONSISTENTLY
1233,DICTATED,INCONVENIENCE
1234,DICTATES,INCONVENIENCES
1235,DICTATING,INCONVENIENT
1236,DICTATORIAL,INCORRECT
1237,DIFFER,INCORRECTLY
1238,DIFFERED,INCORRECTNESS
1239,DIFFERING,INDECENCY
1240,DIFFERS,INDECENT
1241,DIFFICULT,INDEFEASIBLE
1242,DIFFICULTIES,INDEFEASIBLY
1243,DIFFICULTY,INDICT
1244,DILEMMA,INDICTABLE
1245,DILEMMAS,INDICTED
1246,DIM,INDICTING
1247,DIMMED,INDICTMENT
1248,DIMMING,INDICTMENTS
1249,DIMS,INEFFECTIVE
1250,DIN,INEFFECTIVELY
1251,DIRE,INEFFECTIVENESS
1252,DIRT,INEFFICIENCIES
1253,DIRTY,INEFFICIENCY
1254,DISABLE,INEFFICIENT
1255,DISABLED,INEFFICIENTLY
1256,DISABLING,INELIGIBILITY
1257,DISADVANTAGE,INELIGIBLE
1258,DISADVANTAGED,INEQUITABLE
1259,DISADVANTAGEOUS,INEQUITABLY
1260,DISADVANTAGES,INEQUITIES
1261,DISADVANTAGING,INEQUITY
1262,DISAGREE,INEVITABLE
1263,DISAGREEABLE,INEXPERIENCE
1264,DISAGREED,INEXPERIENCED
1265,DISAGREEMENT,INFERIOR
1266,DISAGREEMENTS,INFLICTED
1267,DISAGREES,INFRACTION
1268,DISAPPOINT,INFRACTIONS
1269,DISAPPOINTED,INFRINGE
1270,DISAPPOINTING,INFRINGED
1271,DISAPPOINTMENT,INFRINGEMENT
1272,DISAPPOINTMENTS,INFRINGEMENTS
1273,DISAPPOINTS,INFRINGES
1274,DISAPPROVAL,INFRINGING
1275,DISAPPROVALS,INHIBITED
1276,DISAPPROVE,INIMICAL
1277,DISAPPROVED,INJUNCTION
1278,DISAPPROVES,INJUNCTIONS
1279,DISAPPROVING,INJURE
1280,DISARM,INJURED
1281,DISARMED,INJURES
1282,DISARMING,INJURIES
1283,DISARMS,INJURING
1284,DISASTER,INJURIOUS
1285,DISASTERS,INJURY
1286,DISASTROUS,INORDINATE
1287,DISAVOW,INORDINATELY
1288,DISAVOWAL,INQUIRY
1289,DISAVOWED,INSECURE
1290,DISAVOWING,INSENSITIVE
1291,DISAVOWS,INSOLVENCIES
1292,DISBELIEF,INSOLVENCY
1293,DISCHARGE,INSOLVENT
1294,DISCHARGED,INSTABILITY
1295,DISCHARGES,INSUBORDINATION
1296,DISCHARGING,INSUFFICIENCY
1297,DISCLAIM,INSUFFICIENT
1298,DISCLAIMED,INSUFFICIENTLY
1299,DISCLAIMER,INSURRECTION
1300,DISCLAIMING,INSURRECTIONS
1301,DISCLAIMS,INTENTIONAL
1302,DISCOMFORT,INTERFERE
1303,DISCOMFORTING,INTERFERED
1304,DISCOMFORTS,INTERFERENCE
1305,DISCONCERTED,INTERFERENCES
1306,DISCONTENT,INTERFERES
1307,DISCORD,INTERFERING
1308,DISCORDANT,INTERMITTENT
1309,DISCOURAGE,INTERMITTENTLY
1310,DISCOURAGED,INTERRUPT
1311,DISCOURAGEMENT,INTERRUPTED
1312,DISCOURAGES,INTERRUPTING
1313,DISCOURAGING,INTERRUPTION
1314,DISCREDIT,INTERRUPTIONS
1315,DISCREDITED,INTERRUPTS
1316,DISCREDITING,INTIMIDATION
1317,DISCREDITS,INTRUSION
1318,DISCREPANCIES,INVALID
1319,DISCREPANCY,INVALIDATE
1320,DISCREPANT,INVALIDATED
1321,DISCRIMINATE,INVALIDATES
1322,DISCRIMINATED,INVALIDATING
1323,DISCRIMINATES,INVALIDATION
1324,DISCRIMINATING,INVALIDITY
1325,DISDAIN,INVESTIGATE
1326,DISDAINS,INVESTIGATED
1327,DISEASE,INVESTIGATES
1328,DISEASED,INVESTIGATING
1329,DISEASES,INVESTIGATION
1330,DISGRACE,INVESTIGATIONS
1331,DISGRACED,INVOLUNTARILY
1332,DISGRACES,INVOLUNTARY
1333,DISGRACING,IRRECONCILABLE
1334,DISGUISE,IRRECONCILABLY
1335,DISGUISED,IRRECOVERABLE
1336,DISGUISES,IRRECOVERABLY
1337,DISGUISING,IRREGULAR
1338,DISGUST,IRREGULARITIES
1339,DISGUSTED,IRREGULARITY
1340,DISGUSTING,IRREGULARLY
1341,DISGUSTS,IRREPARABLE
1342,DISHEARTEN,IRREPARABLY
1343,DISHEARTENED,IRREVERSIBLE
1344,DISHEARTENING,JEOPARDIZE
1345,DISHEARTENS,JEOPARDIZED
1346,DISHONEST,JUSTIFIABLE
1347,DISHONESTY,KICKBACK
1348,DISHONOR,KICKBACKS
1349,DISHONORABLE,KNOWINGLY
1350,DISHONORED,LACK
1351,DISHONORS,LACKED
1352,DISINGENUOUS,LACKING
1353,DISINTEREST,LACKLUSTER
1354,DISINTERESTED,LACKS
1355,DISLIKE,LAG
1356,DISMAL,LAGGED
1357,DISMISS,LAGGING
1358,DISMISSAL,LAGS
1359,DISMISSALS,LAPSE
1360,DISMISSED,LAPSED
1361,DISMISSES,LAPSES
1362,DISMISSING,LAPSING
1363,DISOBEDIENCE,LATE
1364,DISOBEDIENT,LAUNDERING
1365,DISORDER,LAYOFF
1366,DISORGANIZED,LAYOFFS
1367,DISPEL,LIE
1368,DISPELLED,LIMITATION
1369,DISPELLING,LIMITATIONS
1370,DISPELS,LINGERING
1371,DISPENSABILITY,LIQUIDATE
1372,DISPENSE,LIQUIDATED
1373,DISPENSED,LIQUIDATES
1374,DISPENSES,LIQUIDATING
1375,DISPENSING,LIQUIDATION
1376,DISPLACE,LIQUIDATIONS
1377,DISPLACED,LIQUIDATOR
1378,DISPLACEMENT,LIQUIDATORS
1379,DISPLACES,LITIGANT
1380,DISPLACING,LITIGANTS
1381,DISPLEASE,LITIGATE
1382,DISPLEASED,LITIGATED
1383,DISPLEASES,LITIGATES
1384,DISPLEASING,LITIGATING
1385,DISPLEASURE,LITIGATION
1386,DISPOSAL,LITIGATIONS
1387,DISPOSE,LOCKOUT
1388,DISPOSED,LOCKOUTS
1389,DISPOSES,LOSE
1390,DISPOSING,LOSES
1391,DISPROPORTIONATE,LOSING
1392,DISPROPORTIONATELY,LOSS
1393,DISPROVE,LOSSES
1394,DISPROVES,LOST
1395,DISPUTABLE,LYING
1396,DISPUTE,MALFEASANCE
1397,DISPUTED,MALFUNCTION
1398,DISPUTES,MALFUNCTIONED
1399,DISPUTING,MALFUNCTIONING
1400,DISREGARD,MALFUNCTIONS
1401,DISREGARDED,MALICE
1402,DISREGARDING,MALICIOUS
1403,DISREGARDS,MALICIOUSLY
1404,DISRUPT,MALPRACTICE
1405,DISRUPTED,MANIPULATE
1406,DISRUPTING,MANIPULATED
1407,DISRUPTION,MANIPULATES
1408,DISRUPTIONS,MANIPULATING
1409,DISRUPTIVE,MANIPULATION
1410,DISRUPTS,MANIPULATIONS
1411,DISSATISFACTION,MANIPULATIVE
1412,DISSATISFIED,MARKDOWN
1413,DISSATISFY,MARKDOWNS
1414,DISSENSION,MISAPPLICATION
1415,DISSENSIONS,MISAPPLICATIONS
1416,DISSENT,MISAPPLIED
1417,DISSENTED,MISAPPLIES
1418,DISSENTERS,MISAPPLY
1419,DISSENTING,MISAPPLYING
1420,DISSENTS,MISAPPROPRIATE
1421,DISSOLUTION,MISAPPROPRIATED
1422,DISTORT,MISAPPROPRIATES
1423,DISTORTED,MISAPPROPRIATING
1424,DISTORTING,MISAPPROPRIATION
1425,DISTORTION,MISAPPROPRIATIONS
1426,DISTORTS,MISBRANDED
1427,DISTRACT,MISCALCULATE
1428,DISTRACTED,MISCALCULATED
1429,DISTRACTING,MISCALCULATES
1430,DISTRACTION,MISCALCULATING
1431,DISTRACTIONS,MISCALCULATION
1432,DISTRACTS,MISCALCULATIONS
1433,DISTRESS,MISCHARACTERIZATION
1434,DISTRESSED,MISCHIEF
1435,DISTRESSES,MISCLASSIFICATION
1436,DISTRESSING,MISCLASSIFICATIONS
1437,DISTRUSTFUL,MISCLASSIFIED
1438,DISTURB,MISCLASSIFY
1439,DISTURBANCE,MISCOMMUNICATION
1440,DISTURBANCES,MISCONDUCT
1441,DISTURBED,MISDATED
1442,DISTURBING,MISDEMEANOR
1443,DISTURBS,MISDEMEANORS
1444,DIVERSION,MISDIRECTED
1445,DIVERSIONS,MISHANDLE
1446,DIVERT,MISHANDLED
1447,DIVERTED,MISHANDLES
1448,DIVERTING,MISHANDLING
1449,DIVERTS,MISINFORM
1450,DIVIDE,MISINFORMATION
1451,DIVIDED,MISINFORMED
1452,DIVIDES,MISINFORMING
1453,DIVIDING,MISINFORMS
1454,DIVISION,MISINTERPRET
1455,DIVISIONS,MISINTERPRETATION
1456,DIVORCE,MISINTERPRETATIONS
1457,DIVORCED,MISINTERPRETED
1458,DIVORCES,MISINTERPRETING
1459,DIVORCING,MISINTERPRETS
1460,DIZZY,MISJUDGE
1461,DOLDRUMS,MISJUDGED
1462,DOMINATE,MISJUDGES
1463,DOMINATED,MISJUDGING
1464,DOMINATES,MISJUDGMENT
1465,DOMINATING,MISJUDGMENTS
1466,DOMINATION,MISLABEL
1467,DOOM,MISLABELED
1468,DOOMED,MISLABELING
1469,DOOMING,MISLABELLED
1470,DOOMS,MISLABELS
1471,DOOMSDAY,MISLEAD
1472,DOPE,MISLEADING
1473,DOPED,MISLEADINGLY
1474,DOPES,MISLEADS
1475,DOPING,MISLED
1476,DOUBLE,MISMANAGE
1477,DOUBT,MISMANAGED
1478,DOUBTED,MISMANAGEMENT
1479,DOUBTFUL,MISMANAGES
1480,DOUBTING,MISMANAGING
1481,DOUBTS,MISMATCH
1482,DOWNCAST,MISMATCHED
1483,DOWNFALL,MISMATCHES
1484,DOWNFALLS,MISMATCHING
1485,DOWNHEARTED,MISPLACED
1486,DRAB,MISPRICE
1487,DRAG,MISPRICING
1488,DRAGGED,MISPRICINGS
1489,DRAGGING,MISREPRESENT
1490,DRAGS,MISREPRESENTATION
1491,DREAD,MISREPRESENTATIONS
1492,DREADED,MISREPRESENTED
1493,DREADFUL,MISREPRESENTING
1494,DREADING,MISREPRESENTS
1495,DREADS,MISS
1496,DREARY,MISSED
1497,DRIVE,MISSES
1498,DRIVEN,MISSTATE
1499,DRIVES,MISSTATED
1500,DRIVING,MISSTATEMENT
1501,DROOP,MISSTATEMENTS
1502,DROOPED,MISSTATES
1503,DROOPING,MISSTATING
1504,DROOPS,MISSTEP
1505,DROP,MISSTEPS
1506,DROPPED,MISTAKE
1507,DROPPING,MISTAKEN
1508,DROPS,MISTAKENLY
1509,DROUGHT,MISTAKES
1510,DROWN,MISTAKING
1511,DROWNED,MISTRIAL
1512,DROWNING,MISTRIALS
1513,DROWNS,MISUNDERSTAND
1514,DROWSINESS,MISUNDERSTANDING
1515,DROWSY,MISUNDERSTANDINGS
1516,DRUNK,MISUNDERSTOOD
1517,DRUNKARD,MISUSE
1518,DRUNKEN,MISUSED
1519,DRUNKS,MISUSES
1520,DUBIOUS,MISUSING
1521,DULL,MONOPOLISTIC
1522,DUMB,MONOPOLISTS
1523,DUMP,MONOPOLIZATION
1524,DUNCE,MONOPOLIZE
1525,DUNGEON,MONOPOLIZED
1526,DUTY,MONOPOLIZES
1527,DWINDLE,MONOPOLIZING
1528,DYING,MONOPOLY
1529,ECCENTRIC,MORATORIA
1530,ECCENTRICITY,MORATORIUM
1531,EDGE,MORATORIUMS
1532,EGOTISTICAL,MOTHBALLED
1533,ELIMINATE,MOTHBALLING
1534,ELIMINATED,NEGATIVE
1535,ELIMINATES,NEGATIVELY
1536,ELIMINATING,NEGATIVES
1537,ELIMINATION,NEGLECT
1538,EMBARRASS,NEGLECTED
1539,EMBARRASSED,NEGLECTFUL
1540,EMBARRASSES,NEGLECTING
1541,EMBARRASSING,NEGLECTS
1542,EMBARRASSMENT,NEGLIGENCE
1543,EMERGENCIES,NEGLIGENCES
1544,EMERGENCY,NEGLIGENT
1545,EMPTY,NEGLIGENTLY
1546,ENCROACH,NONATTAINMENT
1547,ENCROACHED,NONCOMPETITIVE
1548,ENCROACHES,NONCOMPLIANCE
1549,ENCROACHING,NONCOMPLIANCES
1550,ENCROACHMENT,NONCOMPLIANT
1551,ENCROACHMENTS,NONCOMPLYING
1552,ENDANGER,NONCONFORMING
1553,ENDANGERED,NONCONFORMITIES
1554,ENDANGERING,NONCONFORMITY
1555,ENDANGERS,NONDISCLOSURE
1556,ENEMIES,NONFUNCTIONAL
1557,ENEMY,NONPAYMENT
1558,ENFORCE,NONPAYMENTS
1559,ENFORCED,NONPERFORMANCE
1560,ENFORCES,NONPERFORMANCES
1561,ENFORCING,NONPERFORMING
1562,ENGULF,NONPRODUCING
1563,ENGULFED,NONPRODUCTIVE
1564,ENGULFING,NONRECOVERABLE
1565,ENGULFS,NONRENEWAL
1566,ENRAGE,NUISANCE
1567,ENRAGED,NUISANCES
1568,ENRAGES,NULLIFICATION
1569,ENRAGING,NULLIFICATIONS
1570,ENSLAVE,NULLIFIED
1571,ENSLAVED,NULLIFIES
1572,ENSLAVES,NULLIFY
1573,ENSLAVING,NULLIFYING
1574,ENTANGLE,OBJECTED
1575,ENTANGLED,OBJECTING
1576,ENTANGLEMENT,OBJECTION
1577,ENTANGLES,OBJECTIONABLE
1578,ENTANGLING,OBJECTIONABLY
1579,ENTREAT,OBJECTIONS
1580,ENTREATED,OBSCENE
1581,ENTREATING,OBSCENITY
1582,ENTREATS,OBSOLESCENCE
1583,ENVIED,OBSOLETE
1584,ENVIES,OBSTACLE
1585,ENVIOUS,OBSTACLES
1586,ENVY,OBSTRUCT
1587,ENVYING,OBSTRUCTED
1588,EPIDEMIC,OBSTRUCTING
1589,EPIDEMICS,OBSTRUCTION
1590,EPITHET,OBSTRUCTIONS
1591,EQUIVOCAL,OFFENCE
1592,ERADICATE,OFFENCES
1593,ERADICATES,OFFEND
1594,ERASE,OFFENDED
1595,ERASED,OFFENDER
1596,ERASES,OFFENDERS
1597,ERASING,OFFENDING
1598,ERODE,OFFENDS
1599,ERODED,OMISSION
1600,ERODES,OMISSIONS
1601,ERODING,OMIT
1602,EROSION,OMITS
1603,ERR,OMITTED
1604,ERRONEOUS,OMITTING
1605,ERRONEOUSLY,ONEROUS
1606,ERROR,OPPORTUNISTIC
1607,ERRORS,OPPORTUNISTICALLY
1608,ERRS,OPPOSE
1609,ESOTERIC,OPPOSED
1610,ESTRANGED,OPPOSES
1611,EVADE,OPPOSING
1612,EVADED,OPPOSITION
1613,EVADES,OPPOSITIONS
1614,EVADING,OUTAGE
1615,EVASION,OUTAGES
1616,EVEN,OUTDATED
1617,EVICT,OUTMODED
1618,EVICTED,OVERAGE
1619,EVICTING,OVERAGES
1620,EVICTION,OVERBUILD
1621,EVIL,OVERBUILDING
1622,EVILS,OVERBUILDS
1623,EXAGGERATION,OVERBUILT
1624,EXAGGERATIONS,OVERBURDEN
1625,EXASPERATE,OVERBURDENED
1626,EXASPERATES,OVERBURDENING
1627,EXASPERATION,OVERCAPACITIES
1628,EXCEPTION,OVERCAPACITY
1629,EXCEPTIONS,OVERCHARGE
1630,EXCESS,OVERCHARGED
1631,EXCESSIVE,OVERCHARGES
1632,EXCESSIVELY,OVERCHARGING
1633,EXCLUDE,OVERCOME
1634,EXCLUDED,OVERCOMES
1635,EXCLUDES,OVERCOMING
1636,EXCLUDING,OVERDUE
1637,EXCLUSION,OVERESTIMATE
1638,EXCOMMUNICATION,OVERESTIMATED
1639,EXECUTE,OVERESTIMATES
1640,EXECUTED,OVERESTIMATING
1641,EXECUTES,OVERESTIMATION
1642,EXECUTING,OVERESTIMATIONS
1643,EXEMPT,OVERLOAD
1644,EXEMPTED,OVERLOADED
1645,EXEMPTING,OVERLOADING
1646,EXEMPTS,OVERLOADS
1647,EXHAUST,OVERLOOK
1648,EXHAUSTED,OVERLOOKED
1649,EXHAUSTING,OVERLOOKING
1650,EXHAUSTION,OVERLOOKS
1651,EXHAUSTS,OVERPAID
1652,EXILE,OVERPAYMENT
1653,EXILED,OVERPAYMENTS
1654,EXILES,OVERPRODUCED
1655,EXILING,OVERPRODUCES
1656,EXIT,OVERPRODUCING
1657,EXITED,OVERPRODUCTION
1658,EXITING,OVERRUN
1659,EXITS,OVERRUNNING
1660,EXPEDIENT,OVERRUNS
1661,EXPEL,OVERSHADOW
1662,EXPELLED,OVERSHADOWED
1663,EXPELLING,OVERSHADOWING
1664,EXPELS,OVERSHADOWS
1665,EXPENSE,OVERSTATE
1666,EXPENSED,OVERSTATED
1667,EXPENSES,OVERSTATEMENT
1668,EXPENSING,OVERSTATEMENTS
1669,EXPENSIVE,OVERSTATES
1670,EXPLODE,OVERSTATING
1671,EXPLODED,OVERSUPPLIED
1672,EXPLODES,OVERSUPPLIES
1673,EXPLODING,OVERSUPPLY
1674,EXPLOIT,OVERSUPPLYING
1675,EXPLOITATION,OVERTLY
1676,EXPLOITATIONS,OVERTURN
1677,EXPLOITATIVE,OVERTURNED
1678,EXPLOITED,OVERTURNING
1679,EXPLOITING,OVERTURNS
1680,EXPLOITS,OVERVALUE
1681,EXPLOSION,OVERVALUED
1682,EXPLOSIVE,OVERVALUING
1683,EXPOSE,PANIC
1684,EXPOSED,PANICS
1685,EXPOSES,PENALIZE
1686,EXPOSING,PENALIZED
1687,EXTERMINATE,PENALIZES
1688,EXTERMINATED,PENALIZING
1689,EXTERMINATES,PENALTIES
1690,EXTERMINATING,PENALTY
1691,EXTERMINATION,PERIL
1692,EXTINCT,PERILS
1693,EXTINGUISH,PERJURY
1694,EXTRAVAGANT,PERPETRATE
1695,FABRICATE,PERPETRATED
1696,FABRICATED,PERPETRATES
1697,FABRICATES,PERPETRATING
1698,FABRICATING,PERPETRATION
1699,FABRICATION,PERSIST
1700,FAIL,PERSISTED
1701,FAILED,PERSISTENCE
1702,FAILING,PERSISTENT
1703,FAILS,PERSISTENTLY
1704,FAILURE,PERSISTING
1705,FAILURES,PERSISTS
1706,FAINT,PERVASIVE
1707,FAINTED,PERVASIVELY
1708,FAINTING,PERVASIVENESS
1709,FAINTS,PETTY
1710,FAKE,PICKET
1711,FAKED,PICKETED
1712,FAKES,PICKETING
1713,FAKING,PLAINTIFF
1714,FALL,PLAINTIFFS
1715,FALLACIES,PLEA
1716,FALLACY,PLEAD
1717,FALLING,PLEADED
1718,FALLOUT,PLEADING
1719,FALLS,PLEADINGS
1720,FALSE,PLEADS
1721,FALSEHOOD,PLEAS
1722,FALSEHOODS,PLED
1723,FALSELY,POOR
1724,FALSIFICATION,POORLY
1725,FALTER,POSES
1726,FALTERED,POSING
1727,FALTERING,POSTPONE
1728,FALTERS,POSTPONED
1729,FAMINE,POSTPONEMENT
1730,FAMISHED,POSTPONEMENTS
1731,FANATIC,POSTPONES
1732,FANATICAL,POSTPONING
1733,FANATICS,PRECIPITATED
1734,FARCE,PRECIPITOUS
1735,FARCES,PRECIPITOUSLY
1736,FASCIST,PRECLUDE
1737,FAT,PRECLUDED
1738,FATAL,PRECLUDES
1739,FATALISTIC,PRECLUDING
1740,FATIGUE,PREDATORY
1741,FAULT,PREJUDICE
1742,FAULTS,PREJUDICED
1743,FAULTY,PREJUDICES
1744,FEAR,PREJUDICIAL
1745,FEARED,PREJUDICING
1746,FEARFUL,PREMATURE
1747,FEARS,PREMATURELY
1748,FEARSOME,PRESSING
1749,FED,PRETRIAL
1750,FEEBLE,PREVENTING
1751,FEIGN,PREVENTION
1752,FEIGNED,PREVENTS
1753,FEIGNING,PROBLEM
1754,FEIGNS,PROBLEMATIC
1755,FEINT,PROBLEMATICAL
1756,FEROCIOUS,PROBLEMS
1757,FEROCITY,PROLONG
1758,FEUD,PROLONGATION
1759,FEUDAL,PROLONGATIONS
1760,FEUDING,PROLONGED
1761,FEUDS,PROLONGING
1762,FEVER,PROLONGS
1763,FEVERISH,PRONE
1764,FEVERS,PROSECUTE
1765,FIASCO,PROSECUTED
1766,FICKLE,PROSECUTES
1767,FIDGET,PROSECUTING
1768,FIEND,PROSECUTION
1769,FIENDS,PROSECUTIONS
1770,FIERCE,PROTEST
1771,FIGHT,PROTESTED
1772,FIGHTER,PROTESTER
1773,FIGHTING,PROTESTERS
1774,FIGHTS,PROTESTING
1775,FILTH,PROTESTOR
1776,FILTHY,PROTESTORS
1777,FINE,PROTESTS
1778,FINED,PROTRACTED
1779,FINES,PROTRACTION
1780,FIRE,PROVOKE
1781,FIRED,PROVOKED
1782,FIRES,PROVOKES
1783,FIRING,PROVOKING
1784,FIST,PUNISHED
1785,FIX,PUNISHES
1786,FLAGRANT,PUNISHING
1787,FLAW,PUNISHMENT
1788,FLAWED,PUNISHMENTS
1789,FLAWS,PUNITIVE
1790,FLED,PURPORT
1791,FLEE,PURPORTED
1792,FLEETING,PURPORTEDLY
1793,FLIMSY,PURPORTING
1794,FLOOR,PURPORTS
1795,FLOUNDER,QUESTION
1796,FLOUNDERED,QUESTIONABLE
1797,FLOUNDERING,QUESTIONABLY
1798,FLOUNDERS,QUESTIONED
1799,FOE,QUESTIONING
1800,FOIBLE,QUESTIONS
1801,FOOL,QUIT
1802,FOOLISH,QUITTING
1803,FOOLISHNESS,RACKETEER
1804,FOOLS,RACKETEERING
1805,FORBID,RATIONALIZATION
1806,FORBIDDEN,RATIONALIZATIONS
1807,FORBIDS,RATIONALIZE
1808,FORCE,RATIONALIZED
1809,FORCED,RATIONALIZES
1810,FORCES,RATIONALIZING
1811,FORCIBLE,REASSESSMENT
1812,FORCING,REASSESSMENTS
1813,FOREBODING,REASSIGN
1814,FOREIGN,REASSIGNED
1815,FORFEIT,REASSIGNING
1816,FORFEITED,REASSIGNMENT
1817,FORFEITING,REASSIGNMENTS
1818,FORFEITS,REASSIGNS
1819,FORGETFULNESS,RECALL
1820,FORLORN,RECALLED
1821,FORMIDABLE,RECALLING
1822,FORSAKE,RECALLS
1823,FOUGHT,RECESSION
1824,FOUNDER,RECESSIONARY
1825,FRACTURE,RECESSIONS
1826,FRACTURED,RECKLESS
1827,FRACTURES,RECKLESSLY
1828,FRACTURING,RECKLESSNESS
1829,FRAGILE,REDACT
1830,FRANTIC,REDACTED
1831,FRANTICALLY,REDACTING
1832,FRAUD,REDACTION
1833,FRAUDS,REDACTIONS
1834,FRAUDULENT,REDEFAULT
1835,FRAUDULENTLY,REDEFAULTED
1836,FRAUGHT,REDEFAULTS
1837,FREAK,REDRESS
1838,FRET,REDRESSED
1839,FRETFUL,REDRESSES
1840,FRIGHTEN,REDRESSING
1841,FRIGHTFUL,REFUSAL
1842,FRIGID,REFUSALS
1843,FRIVOLOUS,REFUSE
1844,FRONT,REFUSED
1845,FROWN,REFUSES
1846,FROWNED,REFUSING
1847,FROWNING,REJECT
1848,FROWNS,REJECTED
1849,FRUITLESS,REJECTING
1850,FRUSTRATE,REJECTION
1851,FRUSTRATED,REJECTIONS
1852,FRUSTRATION,REJECTS
1853,FUGITIVE,RELINQUISH
1854,FUMBLE,RELINQUISHED
1855,FUN,RELINQUISHES
1856,FURIOUS,RELINQUISHING
1857,FURY,RELINQUISHMENT
1858,FUSS,RELINQUISHMENTS
1859,FUSSY,RELUCTANCE
1860,FUTILITY,RELUCTANT
1861,GALL,RENEGOTIATE
1862,GAMBLE,RENEGOTIATED
1863,GAMBLED,RENEGOTIATES
1864,GAMBLES,RENEGOTIATING
1865,GAMBLING,RENEGOTIATION
1866,GASH,RENEGOTIATIONS
1867,GASHED,RENOUNCE
1868,GAUDIER,RENOUNCED
1869,GAUDIEST,RENOUNCEMENT
1870,GAUDY,RENOUNCEMENTS
1871,GERM,RENOUNCES
1872,GERMS,RENOUNCING
1873,GET,REPARATION
1874,GHASTLY,REPARATIONS
1875,GHETTO,REPOSSESSED
1876,GHETTOES,REPOSSESSES
1877,GLARE,REPOSSESSING
1878,GLARING,REPOSSESSION
1879,GLOAT,REPOSSESSIONS
1880,GLOATED,REPUDIATE
1881,GLOATING,REPUDIATED
1882,GLOATS,REPUDIATES
1883,GLOOM,REPUDIATING
1884,GLOOMY,REPUDIATION
1885,GLUM,REPUDIATIONS
1886,GODDAMN,RESIGN
1887,GRAB,RESIGNATION
1888,GRABBED,RESIGNATIONS
1889,GRABBING,RESIGNED
1890,GRABS,RESIGNING
1891,GRAPPLE,RESIGNS
1892,GRAPPLED,RESTATE
1893,GRAPPLES,RESTATED
1894,GRAPPLING,RESTATEMENT
1895,GRATUITOUS,RESTATEMENTS
1896,GRAVE,RESTATES
1897,GRIEF,RESTATING
1898,GRIEVANCE,RESTRUCTURE
1899,GRIEVANCES,RESTRUCTURED
1900,GRIEVE,RESTRUCTURES
1901,GRIEVED,RESTRUCTURING
1902,GRIEVES,RESTRUCTURINGS
1903,GRIEVING,RETALIATE
1904,GRIM,RETALIATED
1905,GRIZZLY,RETALIATES
1906,GROTESQUE,RETALIATING
1907,GROWL,RETALIATION
1908,GROWLED,RETALIATIONS
1909,GROWLING,RETALIATORY
1910,GROWLS,RETRIBUTION
1911,GRUDGE,RETRIBUTIONS
1912,GRUDGES,REVOCATION
1913,GRUFF,REVOCATIONS
1914,GRUMBLE,REVOKE
1915,GRUMBLED,REVOKED
1916,GRUMBLES,REVOKES
1917,GRUMBLING,REVOKING
1918,GUERRILLA,RIDICULE
1919,GUERRILLAS,RIDICULED
1920,GUILT,RIDICULES
1921,GUILTY,RIDICULING
1922,GUISE,RISKIER
1923,GUISES,RISKIEST
1924,GULLIBLE,RISKY
1925,GUN,SABOTAGE
1926,GUNMEN,SACRIFICE
1927,GUNS,SACRIFICED
1928,HACK,SACRIFICES
1929,HACKED,SACRIFICIAL
1930,HACKING,SACRIFICING
1931,HACKNEY,SCANDALOUS
1932,HACKS,SCANDALS
1933,HAG,SCRUTINIZE
1934,HAGGARD,SCRUTINIZED
1935,HAMPER,SCRUTINIZES
1936,HAMPERED,SCRUTINIZING
1937,HAMPERING,SCRUTINY
1938,HAMPERS,SECRECY
1939,HAND,SEIZE
1940,HANDICAP,SEIZED
1941,HANDICAPPED,SEIZES
1942,HANDICAPS,SEIZING
1943,HANG,SENTENCED
1944,HANGS,SENTENCING
1945,HAPHAZARD,SERIOUS
1946,HAPLESS,SERIOUSLY
1947,HARASS,SERIOUSNESS
1948,HARASSED,SETBACK
1949,HARASSES,SETBACKS
1950,HARASSING,SEVER
1951,HARASSMENT,SEVERE
1952,HARD,SEVERED
1953,HARDSHIP,SEVERELY
1954,HARDSHIPS,SEVERITIES
1955,HARM,SEVERITY
1956,HARMED,SHARPLY
1957,HARMFUL,SHOCKED
1958,HARMING,SHORTAGE
1959,HARMS,SHORTAGES
1960,HARSH,SHORTFALL
1961,HASSLE,SHORTFALLS
1962,HASSLED,SHRINKAGE
1963,HASSLES,SHRINKAGES
1964,HASSLING,SHUT
1965,HATE,SHUTDOWN
1966,HATED,SHUTDOWNS
1967,HATER,SHUTS
1968,HATES,SHUTTING
1969,HATING,SLANDER
1970,HATRED,SLANDERED
1971,HAUGHTY,SLANDEROUS
1972,HAUNT,SLANDERS
1973,HAUNTED,SLIPPAGE
1974,HAUNTING,SLIPPAGES
1975,HAUNTS,SLOW
1976,HAVOC,SLOWDOWN
1977,HAZARD,SLOWDOWNS
1978,HAZARDOUS,SLOWED
1979,HAZARDS,SLOWER
1980,HAZINESS,SLOWEST
1981,HAZY,SLOWING
1982,HEADACHE,SLOWLY
1983,HEADACHES,SLOWNESS
1984,HEARTLESS,SLUGGISH
1985,HECTIC,SLUGGISHLY
1986,HEDGE,SLUGGISHNESS
1987,HEDONISTIC,SOLVENCIES
1988,HEEDLESS,SOLVENCY
1989,HEINOUS,SPAM
1990,HELL,SPAMMERS
1991,HELP,SPAMMING
1992,HELPLESS,STAGGERING
1993,HELPLESSNESS,STAGNANT
1994,HIDEOUS,STAGNATE
1995,HINDER,STAGNATED
1996,HINDERED,STAGNATES
1997,HINDERING,STAGNATING
1998,HINDERS,STAGNATION
1999,HINDRANCE,STANDSTILL
2000,HIT,STANDSTILLS
2001,HITS,STOLEN
2002,HITTING,STOPPAGE
2003,HOARD,STOPPAGES
2004,HOARDED,STOPPED
2005,HOARDING,STOPPING
2006,HOARDS,STOPS
2007,HOBBLE,STRAIN
2008,HOBBLED,STRAINED
2009,HOBBLES,STRAINING
2010,HOBBLING,STRAINS
2011,HOLE,STRESS
2012,HOLLOW,STRESSED
2013,HOLLOWS,STRESSES
2014,HOMELY,STRESSFUL
2015,HOPELESS,STRESSING
2016,HORDE,STRINGENT
2017,HORDED,SUBJECTED
2018,HORDES,SUBJECTING
2019,HORDING,SUBJECTION
2020,HORN,SUBPOENA
2021,HORRIBLE,SUBPOENAED
2022,HORRID,SUBPOENAS
2023,HORRIFY,SUBSTANDARD
2024,HORROR,SUE
2025,HORRORS,SUED
2026,HOSTILE,SUES
2027,HOSTILITIES,SUFFER
2028,HOSTILITY,SUFFERED
2029,HOT,SUFFERING
2030,HUMILIATE,SUFFERS
2031,HUMILIATION,SUING
2032,HUNG,SUMMONED
2033,HUNGER,SUMMONING
2034,HUNGRY,SUMMONS
2035,HUNT,SUMMONSES
2036,HUNTED,SUSCEPTIBILITY
2037,HUNTER,SUSCEPTIBLE
2038,HUNTING,SUSPECT
2039,HUNTS,SUSPECTED
2040,HURT,SUSPECTS
2041,HURTFUL,SUSPEND
2042,HURTING,SUSPENDED
2043,HURTS,SUSPENDING
2044,HUSTLE,SUSPENDS
2045,HUSTLED,SUSPENSION
2046,HUSTLER,SUSPENSIONS
2047,HUSTLERS,SUSPICION
2048,HUSTLES,SUSPICIONS
2049,HUSTLING,SUSPICIOUS
2050,HYPOCRISY,SUSPICIOUSLY
2051,HYPOCRITE,TAINT
2052,HYSTERIA,TAINTED
2053,HYSTERICAL,TAINTING
2054,IDIOT,TAINTS
2055,IDIOTIC,TAMPERED
2056,IDIOTS,TENSE
2057,IDLENESS,TERMINATE
2058,IGNOBLE,TERMINATED
2059,IGNORANCE,TERMINATES
2060,IGNORANT,TERMINATING
2061,ILL,TERMINATION
2062,ILLEGAL,TERMINATIONS
2063,ILLEGALITY,TESTIFY
2064,ILLEGALLY,TESTIFYING
2065,ILLITERATE,THREAT
2066,ILLNESS,THREATEN
2067,ILLOGICAL,THREATENED
2068,IMMATURE,THREATENING
2069,IMMOBILITY,THREATENS
2070,IMMORAL,THREATS
2071,IMMORALITY,TIGHTENING
2072,IMMOVABLE,TOLERATE
2073,IMPAIR,TOLERATED
2074,IMPAIRED,TOLERATES
2075,IMPAIRING,TOLERATING
2076,IMPAIRMENT,TOLERATION
2077,IMPAIRMENTS,TORTUOUS
2078,IMPAIRS,TORTUOUSLY
2079,IMPASSE,TRAGEDIES
2080,IMPATIENCE,TRAGEDY
2081,IMPATIENT,TRAGIC
2082,IMPEDE,TRAGICALLY
2083,IMPEDED,TRAUMATIC
2084,IMPEDES,TROUBLE
2085,IMPEDIMENT,TROUBLED
2086,IMPEDIMENTS,TROUBLES
2087,IMPEDING,TURBULENCE
2088,IMPERFECT,TURMOIL
2089,IMPERFECTION,UNABLE
2090,IMPERFECTIONS,UNACCEPTABLE
2091,IMPERSONAL,UNACCEPTABLY
2092,IMPETUOUS,UNACCOUNTED
2093,IMPLICATE,UNANNOUNCED
2094,IMPLICATED,UNANTICIPATED
2095,IMPLICATES,UNAPPROVED
2096,IMPLICATING,UNATTRACTIVE
2097,IMPLORE,UNAUTHORIZED
2098,IMPLORED,UNAVAILABILITY
2099,IMPLORES,UNAVAILABLE
2100,IMPLORING,UNAVOIDABLE
2101,IMPOSE,UNAVOIDABLY
2102,IMPOSED,UNAWARE
2103,IMPOSES,UNCOLLECTABLE
2104,IMPOSING,UNCOLLECTED
2105,IMPRECISION,UNCOLLECTIBILITY
2106,IMPRECISIONS,UNCOLLECTIBLE
2107,IMPRISON,UNCOLLECTIBLES
2108,IMPRISONMENT,UNCOMPETITIVE
2109,IMPRISONS,UNCOMPLETED
2110,IMPROPER,UNCONSCIONABLE
2111,IMPROPERLY,UNCONSCIONABLY
2112,IMPULSIVE,UNCONTROLLABLE
2113,IMPURE,UNCONTROLLABLY
2114,IMPURITY,UNCONTROLLED
2115,INABILITIES,UNCORRECTED
2116,INABILITY,UNCOVER
2117,INACCESSIBLE,UNCOVERED
2118,INACCURACIES,UNCOVERING
2119,INACCURACY,UNCOVERS
2120,INACCURATE,UNDELIVERABLE
2121,INADEQUACIES,UNDELIVERED
2122,INADEQUACY,UNDERCAPITALIZED
2123,INADEQUATE,UNDERCUT
2124,INADEQUATELY,UNDERCUTS
2125,INANE,UNDERCUTTING
2126,INCAPABLE,UNDERESTIMATE
2127,INCESSANT,UNDERESTIMATED
2128,INCOMPATIBILITIES,UNDERESTIMATES
2129,INCOMPATIBILITY,UNDERESTIMATING
2130,INCOMPATIBLE,UNDERESTIMATION
2131,INCOMPETENCE,UNDERFUNDED
2132,INCOMPETENCY,UNDERINSURED
2133,INCOMPETENT,UNDERMINE
2134,INCONSISTENCIES,UNDERMINED
2135,INCONSISTENCY,UNDERMINES
2136,INCONSISTENT,UNDERMINING
2137,INCONVENIENCE,UNDERPAID
2138,INCONVENIENT,UNDERPAYMENT
2139,INCORRECT,UNDERPAYMENTS
2140,INCORRECTLY,UNDERPAYS
2141,INCREDIBLE,UNDERPERFORM
2142,INCURABLE,UNDERPERFORMANCE
2143,INDECENT,UNDERPERFORMED
2144,INDEFINITE,UNDERPERFORMING
2145,INDETERMINABLE,UNDERPERFORMS
2146,INDETERMINATE,UNDERPRODUCED
2147,INDICTED,UNDERPRODUCTION
2148,INDICTMENT,UNDERREPORTING
2149,INDICTMENTS,UNDERSTATE
2150,INDIFFERENCE,UNDERSTATED
2151,INDIFFERENT,UNDERSTATEMENT
2152,INDIGNATION,UNDERSTATEMENTS
2153,INDULGE,UNDERSTATES
2154,INEFFECTIVE,UNDERSTATING
2155,INEFFECTIVENESS,UNDERUTILIZATION
2156,INEFFECTUAL,UNDERUTILIZED
2157,INEFFECTUALNESS,UNDESIRABLE
2158,INEFFICIENCIES,UNDESIRED
2159,INEFFICIENCY,UNDETECTED
2160,INEFFICIENT,UNDETERMINED
2161,INEQUALITIES,UNDISCLOSED
2162,INEQUALITY,UNDOCUMENTED
2163,INEXACT,UNDUE
2164,INEXPLICABLE,UNDULY
2165,INFAMOUS,UNECONOMIC
2166,INFECT,UNECONOMICAL
2167,INFECTED,UNECONOMICALLY
2168,INFECTING,UNEMPLOYED
2169,INFECTION,UNEMPLOYMENT
2170,INFECTS,UNETHICAL
2171,INFERIOR,UNETHICALLY
2172,INFERIORITY,UNEXCUSED
2173,INFEST,UNEXPECTED
2174,INFESTED,UNEXPECTEDLY
2175,INFESTING,UNFAIR
2176,INFESTS,UNFAIRLY
2177,INFILTRATION,UNFAVORABILITY
2178,INFLAME,UNFAVORABLE
2179,INFLAMED,UNFAVORABLY
2180,INFLAMES,UNFAVOURABLE
2181,INFLAMING,UNFEASIBLE
2182,INFLATION,UNFIT
2183,INFLICT,UNFITNESS
2184,INFLICTED,UNFORESEEABLE
2185,INFLICTING,UNFORESEEN
2186,INFLICTS,UNFORSEEN
2187,INFRACTION,UNFORTUNATE
2188,INFRACTIONS,UNFORTUNATELY
2189,INFRINGE,UNFOUNDED
2190,INFRINGED,UNFRIENDLY
2191,INFRINGEMENT,UNFULFILLED
2192,INFRINGEMENTS,UNFUNDED
2193,INFRINGES,UNINSURED
2194,INFRINGING,UNINTENDED
2195,INFURIATE,UNINTENTIONAL
2196,INFURIATED,UNINTENTIONALLY
2197,INFURIATES,UNJUST
2198,INFURIATING,UNJUSTIFIABLE
2199,INGRATITUDE,UNJUSTIFIABLY
2200,INHIBIT,UNJUSTIFIED
2201,INHIBITED,UNJUSTLY
2202,INHIBITING,UNKNOWING
2203,INHIBITION,UNKNOWINGLY
2204,INHIBITS,UNLAWFUL
2205,INHUMANE,UNLAWFULLY
2206,INJUNCTION,UNLICENSED
2207,INJUNCTIONS,UNLIQUIDATED
2208,INJURE,UNMARKETABLE
2209,INJURED,UNMERCHANTABLE
2210,INJURES,UNMERITORIOUS
2211,INJURIES,UNNECESSARILY
2212,INJURING,UNNECESSARY
2213,INJURIOUS,UNNEEDED
2214,INJURY,UNOBTAINABLE
2215,INSANE,UNOCCUPIED
2216,INSECURE,UNPAID
2217,INSECURITIES,UNPERFORMED
2218,INSECURITY,UNPLANNED
2219,INSENSIBLE,UNPOPULAR
2220,INSIDIOUS,UNPREDICTABILITY
2221,INSIGNIFICANT,UNPREDICTABLE
2222,INSINUATE,UNPREDICTABLY
2223,INSINUATED,UNPREDICTED
2224,INSINUATES,UNPRODUCTIVE
2225,INSINUATING,UNPROFITABILITY
2226,INSOLENCE,UNPROFITABLE
2227,INSOLENT,UNQUALIFIED
2228,INSTABILITIES,UNREALISTIC
2229,INSTABILITY,UNREASONABLE
2230,INSTABLE,UNREASONABLENESS
2231,INSUFFICIENCY,UNREASONABLY
2232,INSUFFICIENT,UNRECEPTIVE
2233,INSULT,UNRECOVERABLE
2234,INSULTED,UNRECOVERED
2235,INSULTING,UNREIMBURSED
2236,INSULTS,UNRELIABLE
2237,INTERFERE,UNREMEDIED
2238,INTERFERED,UNREPORTED
2239,INTERFERENCE,UNRESOLVED
2240,INTERFERES,UNREST
2241,INTERFERING,UNSAFE
2242,INTERRUPT,UNSALABLE
2243,INTERRUPTED,UNSALEABLE
2244,INTERRUPTING,UNSATISFACTORY
2245,INTERRUPTION,UNSATISFIED
2246,INTERRUPTS,UNSAVORY
2247,INTERVENTION,UNSCHEDULED
2248,INTERVENTIONS,UNSELLABLE
2249,INTIMIDATE,UNSOLD
2250,INTIMIDATED,UNSOUND
2251,INTIMIDATES,UNSTABILIZED
2252,INTIMIDATING,UNSTABLE
2253,INTOLERABLE,UNSUBSTANTIATED
2254,INTOXICATE,UNSUCCESSFUL
2255,INTOXICATED,UNSUCCESSFULLY
2256,INTOXICATES,UNSUITABILITY
2257,INTOXICATING,UNSUITABLE
2258,INTRUDE,UNSUITABLY
2259,INTRUDED,UNSUITED
2260,INTRUDER,UNSURE
2261,INTRUDERS,UNSUSPECTED
2262,INTRUDES,UNSUSPECTING
2263,INTRUDING,UNSUSTAINABLE
2264,INTRUSION,UNTENABLE
2265,INTRUSIONS,UNTIMELY
2266,INUNDATE,UNTRUSTED
2267,INUNDATED,UNTRUTH
2268,INUNDATES,UNTRUTHFUL
2269,INUNDATING,UNTRUTHFULLY
2270,INVADE,UNTRUTHFULNESS
2271,INVADED,UNTRUTHS
2272,INVADES,UNUSABLE
2273,INVADING,UNWANTED
2274,INVALID,UNWARRANTED
2275,INVALIDATE,UNWELCOME
2276,INVALIDATED,UNWILLING
2277,INVALIDATING,UNWILLINGNESS
2278,INVALIDITY,UPSET
2279,INVISIBLE,URGENCY
2280,INVOLUNTARILY,URGENT
2281,INVOLUNTARY,USURIOUS
2282,INVOLVE,USURP
2283,INVOLVED,USURPED
2284,INVOLVES,USURPING
2285,INVOLVING,USURPS
2286,IRK,USURY
2287,IRKED,VANDALISM
2288,IRKING,VERDICT
2289,IRKS,VERDICTS
2290,IRON,VETOED
2291,IRONIC,VICTIMS
2292,IRONIES,VIOLATE
2293,IRONY,VIOLATED
2294,IRRATIONAL,VIOLATES
2295,IRREGULAR,VIOLATING
2296,IRREGULARITIES,VIOLATION
2297,IRREGULARITY,VIOLATIONS
2298,IRRESPONSIBLE,VIOLATIVE
2299,IRRITABLE,VIOLATOR
2300,IRRITATION,VIOLATORS
2301,IRRITATIONS,VIOLENCE
2302,ISOLATE,VIOLENT
2303,ISOLATED,VIOLENTLY
2304,ISOLATES,VITIATE
2305,ISOLATING,VITIATED
2306,JAIL,VITIATES
2307,JAILED,VITIATING
2308,JAILING,VITIATION
2309,JAILS,VOIDED
2310,JAR,VOIDING
2311,JARRING,VOLATILE
2312,JEER,VOLATILITY
2313,JEERED,VULNERABILITIES
2314,JEERING,VULNERABILITY
2315,JEERS,VULNERABLE
2316,JEOPARDIZE,VULNERABLY
2317,JEOPARDIZED,WARN
2318,JEOPARDIZES,WARNED
2319,JEOPARDIZING,WARNING
2320,JEOPARDY,WARNINGS
2321,JERK,WARNS
2322,JERKS,WASTED
2323,JITTERY,WASTEFUL
2324,JOBLESS,WASTING
2325,JUMPY,WEAK
2326,JUNK,WEAKEN
2327,KICK,WEAKENED
2328,KICKED,WEAKENING
2329,KICKING,WEAKENS
2330,KICKS,WEAKER
2331,KIDNAP,WEAKEST
2332,KIDNAPPED,WEAKLY
2333,KIDNAPPING,WEAKNESS
2334,KIDNAPS,WEAKNESSES
2335,KILL,WILLFULLY
2336,KILLED,WORRIES
2337,KILLER,WORRY
2338,KILLERS,WORRYING
2339,KILLING,WORSE
2340,KILLS,WORSEN
2341,KNIFE,WORSENED
2342,KNIFES,WORSENING
2343,KNOCK,WORSENS
2344,KNOCKED,WORST
2345,KNOCKING,WORTHLESS
2346,KNOCKS,WRITEDOWN
2347,LACK,WRITEDOWNS
2348,LACKED,WRITEOFF
2349,LACKING,WRITEOFFS
2350,LACKS,WRONG
2351,LAG,WRONGDOING
2352,LAGGED,WRONGDOINGS
2353,LAGGING,WRONGFUL
2354,LAGS,WRONGFULLY
2355,LAID,WRONGLY
2356,LAME,
2357,LAMENT,
2358,LAMENTABLE,
2359,LAMENTED,
2360,LAMENTING,
2361,LAMENTS,
2362,LANGUISH,
2363,LANGUISHED,
2364,LANGUISHES,
2365,LANGUISHING,
2366,LAPSE,
2367,LAPSED,
2368,LAPSES,
2369,LAPSING,
2370,LAUGH,
2371,LAUGHED,
2372,LAUGHING,
2373,LAUGHS,
2374,LAWLESS,
2375,LAY,
2376,LAYS,
2377,LAZILY,
2378,LAZY,
2379,LEAK,
2380,LEAKAGE,
2381,LEAKED,
2382,LEAKING,
2383,LEAKS,
2384,LET,
2385,LETS,
2386,LIABILITIES,
2387,LIABILITY,
2388,LIABLE,
2389,LIAR,
2390,LIARS,
2391,LIE,
2392,LIED,
2393,LIFELESS,
2394,LIMIT,
2395,LIMITATION,
2396,LIMITATIONS,
2397,LIMITED,
2398,LIMITING,
2399,LIMITS,
2400,LIMP,
2401,LIMPED,
2402,LIMPING,
2403,LIMPS,
2404,LIQUIDATE,
2405,LIQUIDATED,
2406,LIQUIDATES,
2407,LIQUIDATING,
2408,LIQUIDATION,
2409,LIQUIDATIONS,
2410,LIQUIDATOR,
2411,LITTER,
2412,LITTERED,
2413,LITTERING,
2414,LITTERS,
2415,LOAD,
2416,LOADS,
2417,LONE,
2418,LONELINESS,
2419,LONELY,
2420,LONER,
2421,LONERS,
2422,LONESOME,
2423,LOOM,
2424,LOOMED,
2425,LOOMING,
2426,LOOMS,
2427,LOSE,
2428,LOSER,
2429,LOSES,
2430,LOSING,
2431,LOSS,
2432,LOSSES,
2433,LOST,
2434,LOVELESS,
2435,LOW,
2436,LOWER,
2437,LOWERED,
2438,LOWERING,
2439,LOWERS,
2440,LOWLY,
2441,LUDICROUS,
2442,LULL,
2443,LULLED,
2444,LULLING,
2445,LULLS,
2446,LUNATIC,
2447,LUNATICS,
2448,LURE,
2449,LURED,
2450,LURES,
2451,LURING,
2452,LURK,
2453,LURKED,
2454,LURKING,
2455,LURKS,
2456,LYING,
2457,MAD,
2458,MADMAN,
2459,MADNESS,
2460,MAKE,
2461,MAKES,
2462,MALADIES,
2463,MALADJUSTED,
2464,MALADJUSTMENT,
2465,MALADJUSTMENTS,
2466,MALADY,
2467,MALICE,
2468,MALICIOUS,
2469,MALIGNANT,
2470,MANGLE,
2471,MANGLED,
2472,MANGLES,
2473,MANGLING,
2474,MANIPULATE,
2475,MANIPULATED,
2476,MANIPULATES,
2477,MANIPULATING,
2478,MANIPULATION,
2479,MANIPULATIONS,
2480,MANSLAUGHTER,
2481,MAR,
2482,MARGINAL,
2483,MASS,
2484,MASSACRE,
2485,MASSACRED,
2486,MASSACRES,
2487,MASSACRING,
2488,MATTER,
2489,MATTERED,
2490,MATTERS,
2491,MEAGER,
2492,MEAN,
2493,MEANINGLESS,
2494,MEDDLE,
2495,MEDDLED,
2496,MEDDLES,
2497,MEDDLING,
2498,MEDIOCRE,
2499,MEEK,
2500,MELANCHOLY,
2501,MELODRAMATIC,
2502,MENACE,
2503,MENACES,
2504,MENIAL,
2505,MERCILESS,
2506,MESS,
2507,MESSED,
2508,MESSES,
2509,MESSING,
2510,MIND,
2511,MINDED,
2512,MINDING,
2513,MINDS,
2514,MINE,
2515,MISBEHAVE,
2516,MISBEHAVED,
2517,MISBEHAVES,
2518,MISBEHAVING,
2519,MISBEHAVIOR,
2520,MISBEHAVIORS,
2521,MISCHIEF,
2522,MISCHIEVOUS,
2523,MISER,
2524,MISERABLE,
2525,MISERIES,
2526,MISERY,
2527,MISFORTUNE,
2528,MISFORTUNES,
2529,MISHANDLE,
2530,MISHANDLED,
2531,MISHANDLES,
2532,MISHANDLING,
2533,MISHAP,
2534,MISHAPS,
2535,MISINFORM,
2536,MISINFORMED,
2537,MISINFORMING,
2538,MISINFORMS,
2539,MISLEAD,
2540,MISLEADING,
2541,MISLEADS,
2542,MISLED,
2543,MISREPRESENT,
2544,MISREPRESENTATION,
2545,MISREPRESENTATIONS,
2546,MISREPRESENTING,
2547,MISREPRESENTS,
2548,MISS,
2549,MISSED,
2550,MISSES,
2551,MISSING,
2552,MISTAKE,
2553,MISTAKEN,
2554,MISTAKES,
2555,MISTAKING,
2556,MISTRUST,
2557,MISTRUSTED,
2558,MISTRUSTING,
2559,MISTRUSTS,
2560,MISUNDERSTAND,
2561,MISUNDERSTANDING,
2562,MISUNDERSTOOD,
2563,MISUSE,
2564,MISUSED,
2565,MIX,
2566,MOAN,
2567,MOANED,
2568,MOANING,
2569,MOANS,
2570,MOCK,
2571,MOCKED,
2572,MOCKERY,
2573,MOCKING,
2574,MOCKS,
2575,MOLEST,
2576,MOLESTED,
2577,MOLESTING,
2578,MOLESTS,
2579,MONOTONOUS,
2580,MONOTONY,
2581,MONSTER,
2582,MONSTERS,
2583,MONSTROUS,
2584,MOODY,
2585,MORTIFIES,
2586,MORTIFY,
2587,MOTIONLESS,
2588,MOTLEY,
2589,MOURN,
2590,MOURNED,
2591,MOURNER,
2592,MOURNERS,
2593,MOURNING,
2594,MOURNS,
2595,MUDDLE,
2596,MUDDLES,
2597,MUDDY,
2598,MUMBLE,
2599,MUMBLED,
2600,MUMBLES,
2601,MUMBLING,
2602,MUNDANE,
2603,MURDER,
2604,MURDERED,
2605,MURDERING,
2606,MURDEROUS,
2607,MURDERS,
2608,MURKY,
2609,MUTTER,
2610,MUTTERED,
2611,MUTTERING,
2612,MUTTERS,
2613,MYSELF,
2614,NAG,
2615,NAGGED,
2616,NAGGING,
2617,NAGS,
2618,NAIVE,
2619,NASTY,
2620,NAUGHTY,
2621,NEBULOUS,
2622,NEED,
2623,NEEDED,
2624,NEEDING,
2625,NEEDLE,
2626,NEEDLES,
2627,NEEDS,
2628,NEEDY,
2629,NEGATE,
2630,NEGATED,
2631,NEGATES,
2632,NEGATING,
2633,NEGATION,
2634,NEGATIVE,
2635,NEGATIVELY,
2636,NEGATIVES,
2637,NEGLECT,
2638,NEGLECTED,
2639,NEGLECTING,
2640,NEGLECTS,
2641,NEGLIGENCE,
2642,NEGLIGENT,
2643,NEGLIGENTLY,
2644,NERVOUS,
2645,NERVOUSNESS,
2646,NEUROTIC,
2647,NEUROTICS,
2648,NEUTRALIZE,
2649,NEUTRALIZED,
2650,NEUTRALIZES,
2651,NEUTRALIZING,
2652,NIGHTMARE,
2653,NIGHTMARES,
2654,NIX,
2655,NOISE,
2656,NONCHALANT,
2657,NONSENSE,
2658,NOSEY,
2659,NOTORIOUS,
2660,NOVICE,
2661,NOVICES,
2662,NUISANCE,
2663,NUISANCES,
2664,NULLIFICATION,
2665,NULLIFIED,
2666,NULLIFIES,
2667,NULLIFY,
2668,NULLIFYING,
2669,NUMB,
2670,NUTS,
2671,OBJECT,
2672,OBJECTED,
2673,OBJECTING,
2674,OBJECTION,
2675,OBJECTIONABLE,
2676,OBJECTIONS,
2677,OBJECTS,
2678,OBLIQUE,
2679,OBLITERATE,
2680,OBLITERATED,
2681,OBLITERATES,
2682,OBLITERATING,
2683,OBNOXIOUS,
2684,OBSCURE,
2685,OBSCURED,
2686,OBSCURES,
2687,OBSCURING,
2688,OBSOLESCENCE,
2689,OBSOLETE,
2690,OBSTACLE,
2691,OBSTACLES,
2692,OBSTINATE,
2693,OBSTRUCT,
2694,OBSTRUCTED,
2695,OBSTRUCTING,
2696,OBSTRUCTION,
2697,OBSTRUCTS,
2698,ODD,
2699,ODDITIES,
2700,ODDITY,
2701,OFFEND,
2702,OFFENDED,
2703,OFFENDER,
2704,OFFENDING,
2705,OFFENDS,
2706,OFFENSIVE,
2707,OMINOUS,
2708,OMISSION,
2709,OMISSIONS,
2710,OMIT,
2711,OMITS,
2712,OMITTED,
2713,OMITTING,
2714,OPINIONATED,
2715,OPPONENT,
2716,OPPONENTS,
2717,OPPOSE,
2718,OPPOSED,
2719,OPPOSES,
2720,OPPOSING,
2721,OPPOSITION,
2722,OPPRESS,
2723,OPPRESSION,
2724,OPPRESSIVE,
2725,ORDEAL,
2726,ORDEALS,
2727,ORDER,
2728,ORDERED,
2729,ORDERING,
2730,ORDERS,
2731,ORPHAN,
2732,ORPHANED,
2733,ORPHANING,
2734,OSTRACIZE,
2735,OSTRACIZED,
2736,OSTRACIZES,
2737,OSTRACIZING,
2738,OUST,
2739,OUSTED,
2740,OUSTING,
2741,OUSTS,
2742,OUTBREAK,
2743,OUTBREAKS,
2744,OUTBURST,
2745,OUTBURSTS,
2746,OUTCAST,
2747,OUTCASTS,
2748,OUTCRIES,
2749,OUTCRY,
2750,OUTLAW,
2751,OUTLAWS,
2752,OUTRAGE,
2753,OUTRAGEOUS,
2754,OUTSIDER,
2755,OUTSIDERS,
2756,OVERBEARING,
2757,OVERFLOW,
2758,OVERFLOWED,
2759,OVERFLOWING,
2760,OVERFLOWS,
2761,OVERLOOK,
2762,OVERPOWER,
2763,OVERPOWERED,
2764,OVERPOWERING,
2765,OVERPOWERS,
2766,OVERRUN,
2767,OVERRUNS,
2768,OVERSIGHT,
2769,OVERSIGHTS,
2770,OVERTHROW,
2771,OVERTHROWN,
2772,OVERTHROWS,
2773,OVERTURN,
2774,OVERTURNED,
2775,OVERTURNING,
2776,OVERTURNS,
2777,OVERWHELMING,
2778,OVERWORKED,
2779,OWE,
2780,OWED,
2781,OWES,
2782,OWING,
2783,PAIN,
2784,PAINFUL,
2785,PAINS,
2786,PALTRY,
2787,PANDEMONIUM,
2788,PANIC,
2789,PANICKED,
2790,PANICKING,
2791,PANICS,
2792,PARALYSIS,
2793,PARALYZED,
2794,PARANOID,
2795,PARASITE,
2796,PARASITES,
2797,PARTICULAR,
2798,PARTITION,
2799,PARTITIONED,
2800,PARTITIONING,
2801,PARTITIONS,
2802,PASS,
2803,PASSE,
2804,PASSED,
2805,PASSES,
2806,PASSING,
2807,PATHETIC,
2808,PATRONIZE,
2809,PATRONIZED,
2810,PATRONIZES,
2811,PATRONIZING,
2812,PECULIAR,
2813,PERIL,
2814,PERILOUS,
2815,PERILS,
2816,PERISH,
2817,PERISHED,
2818,PERPLEX,
2819,PERPLEXED,
2820,PERPLEXES,
2821,PERPLEXING,
2822,PERPLEXITY,
2823,PERSECUTE,
2824,PERSECUTED,
2825,PERSECUTES,
2826,PERSECUTING,
2827,PERSECUTION,
2828,PERTURB,
2829,PERTURBED,
2830,PERTURBING,
2831,PERTURBS,
2832,PERVERSE,
2833,PERVERT,
2834,PERVERTED,
2835,PERVERTING,
2836,PERVERTS,
2837,PESSIMISM,
2838,PESSIMISTIC,
2839,PEST,
2840,PESTS,
2841,PETTY,
2842,PHOBIA,
2843,PHOBIAS,
2844,PICK,
2845,PICKS,
2846,PIECE,
2847,PINCH,
2848,PINCHED,
2849,PINCHES,
2850,PINCHING,
2851,PITIFUL,
2852,PITILESS,
2853,PLAGUE,
2854,PLAGUES,
2855,PLAINTIFF,
2856,PLAINTIFFS,
2857,PLIGHT,
2858,PLOD,
2859,PLODDED,
2860,PLODDING,
2861,PLODS,
2862,PLOT,
2863,PLOTS,
2864,PLOTTED,
2865,PLOTTING,
2866,POINT,
2867,POINTED,
2868,POINTING,
2869,POINTLESS,
2870,POINTS,
2871,POISON,
2872,POISONED,
2873,POISONING,
2874,POISONOUS,
2875,POISONS,
2876,POLLUTE,
2877,POLLUTED,
2878,POLLUTES,
2879,POLLUTING,
2880,POLLUTION,
2881,POMPOUS,
2882,POOR,
2883,POORLY,
2884,POUND,
2885,POUNDED,
2886,POUNDING,
2887,POUNDS,
2888,POUT,
2889,POUTED,
2890,POUTING,
2891,POUTS,
2892,POVERTY,
2893,POWERLESS,
2894,PRECARIOUS,
2895,PRECIPITATE,
2896,PRECIPITATED,
2897,PRECIPITATES,
2898,PRECIPITATING,
2899,PREDICAMENT,
2900,PREDICAMENTS,
2901,PREJUDICE,
2902,PREJUDICED,
2903,PREJUDICES,
2904,PREJUDICIAL,
2905,PREJUDICING,
2906,PREPOSTEROUS,
2907,PRESS,
2908,PRESSED,
2909,PRESSING,
2910,PRESUMPTUOUS,
2911,PRETEND,
2912,PRETENDED,
2913,PRETENDING,
2914,PRETENDS,
2915,PRETENSE,
2916,PRETENTIOUS,
2917,PRIED,
2918,PRIES,
2919,PRISON,
2920,PRISONER,
2921,PRISONS,
2922,PROBLEM,
2923,PROBLEMATIC,
2924,PROBLEMS,
2925,PROCRASTINATE,
2926,PROCRASTINATION,
2927,PROD,
2928,PRODDED,
2929,PRODDING,
2930,PRODS,
2931,PROHIBIT,
2932,PROHIBITED,
2933,PROHIBITING,
2934,PROHIBITION,
2935,PROHIBITIONS,
2936,PROHIBITIVE,
2937,PROHIBITS,
2938,PROPAGANDA,
2939,PROSECUTE,
2940,PROSECUTED,
2941,PROSECUTING,
2942,PROSECUTION,
2943,PROSECUTIONS,
2944,PROTEST,
2945,PROTESTED,
2946,PROTESTING,
2947,PROTESTS,
2948,PROVOCATION,
2949,PROVOCATIONS,
2950,PROVOKE,
2951,PROVOKED,
2952,PROVOKES,
2953,PROVOKING,
2954,PROWL,
2955,PROWLED,
2956,PROWLING,
2957,PROWLS,
2958,PRY,
2959,PRYING,
2960,PUNCH,
2961,PUNCHED,
2962,PUNCHES,
2963,PUNCHING,
2964,PUNISH,
2965,PUNISHED,
2966,PUNISHES,
2967,PUNISHING,
2968,PUNY,
2969,PUSH,
2970,PUSHED,
2971,PUSHES,
2972,PUSHING,
2973,PUZZLEMENT,
2974,PUZZLEMENTS,
2975,QUALM,
2976,QUALMS,
2977,QUANDARIES,
2978,QUANDARY,
2979,QUARREL,
2980,QUARRELED,
2981,QUARRELING,
2982,QUARRELS,
2983,QUARRELSOME,
2984,QUEER,
2985,QUESTION,
2986,QUESTIONABLE,
2987,QUESTIONED,
2988,QUESTIONING,
2989,QUESTIONS,
2990,QUIBBLE,
2991,QUIBBLED,
2992,QUIBBLES,
2993,QUIT,
2994,QUITS,
2995,QUITTER,
2996,QUITTERS,
2997,QUITTING,
2998,RACE,
2999,RADICAL,
3000,RAGE,
3001,RAGED,
3002,RAGES,
3003,RAGING,
3004,RAID,
3005,RAIDED,
3006,RAIDING,
3007,RAIDS,
3008,RAISE,
3009,RAISES,
3010,RAMBLE,
3011,RAMBLED,
3012,RAMBLES,
3013,RAMBLING,
3014,RAMPANT,
3015,RASCAL,
3016,RASH,
3017,RASHES,
3018,RAT,
3019,RATION,
3020,RATS,
3021,RATTLE,
3022,RATTLED,
3023,RATTLES,
3024,RAVAGE,
3025,RAVAGES,
3026,REACTIONARY,
3027,REACTIVE,
3028,REBEL,
3029,REBELLED,
3030,REBELLING,
3031,REBELLION,
3032,REBELLIONS,
3033,REBELLIOUS,
3034,REBELS,
3035,REBUFF,
3036,REBUFFED,
3037,REBUFFING,
3038,REBUFFS,
3039,REBUKE,
3040,REBUKED,
3041,REBUKES,
3042,REBUKING,
3043,REBUT,
3044,REBUTS,
3045,REBUTTED,
3046,REBUTTING,
3047,RECALCITRANT,
3048,RECEDE,
3049,RECEDED,
3050,RECEDES,
3051,RECEDING,
3052,RECESSION,
3053,RECESSIONARY,
3054,RECESSIONS,
3055,RECKLESS,
3056,RECKLESSLY,
3057,RECKLESSNESS,
3058,RECOIL,
3059,RECOILED,
3060,RECOILING,
3061,RECOILS,
3062,REDUNDANCY,
3063,REDUNDANT,
3064,REFRAIN,
3065,REFRAINED,
3066,REFRAINING,
3067,REFRAINS,
3068,REFUGEE,
3069,REFUGEES,
3070,REFUSAL,
3071,REFUSALS,
3072,REFUSE,
3073,REFUSED,
3074,REFUSES,
3075,REFUSING,
3076,REGARDLESS,
3077,REGRESS,
3078,REGRESSED,
3079,REGRESSES,
3080,REGRESSING,
3081,REGRESSION,
3082,REGRET,
3083,REGRETS,
3084,REGRETTABLE,
3085,REGRETTED,
3086,REGRETTING,
3087,REJECT,
3088,REJECTED,
3089,REJECTING,
3090,REJECTION,
3091,REJECTIONS,
3092,REJECTS,
3093,RELAPSE,
3094,RELAPSED,
3095,RELAPSES,
3096,RELAPSING,
3097,RELUCTANCE,
3098,RELUCTANT,
3099,REMORSE,
3100,RENOUNCE,
3101,RENOUNCES,
3102,RENUNCIATION,
3103,REPEAL,
3104,REPEALED,
3105,REPEALING,
3106,REPEALS,
3107,REPREHENSIBLE,
3108,REPRESS,
3109,REPRESSED,
3110,REPRESSES,
3111,REPRESSING,
3112,REPROACH,
3113,REPUDIATE,
3114,REPUDIATED,
3115,REPUDIATES,
3116,REPUDIATING,
3117,REPUDIATION,
3118,REPUGNANT,
3119,REPULSE,
3120,REPULSED,
3121,REPULSES,
3122,REPULSIVE,
3123,RESENT,
3124,RESENTED,
3125,RESENTFUL,
3126,RESENTING,
3127,RESENTMENT,
3128,RESENTS,
3129,RESIGN,
3130,RESIGNATION,
3131,RESIGNATIONS,
3132,RESIGNED,
3133,RESIGNING,
3134,RESTLESS,
3135,RESTLESSNESS,
3136,RESTRICT,
3137,RESTRICTED,
3138,RESTRICTING,
3139,RESTRICTION,
3140,RESTRICTS,
3141,RETALIATE,
3142,RETALIATED,
3143,RETALIATES,
3144,RETALIATING,
3145,RETARD,
3146,RETARDED,
3147,RETARDING,
3148,RETARDS,
3149,RETIRE,
3150,RETIRED,
3151,RETIRES,
3152,RETIRING,
3153,RETREAT,
3154,RETREATED,
3155,RETREATING,
3156,RETREATS,
3157,REVENGE,
3158,REVERT,
3159,REVERTED,
3160,REVERTING,
3161,REVERTS,
3162,REVOKE,
3163,REVOKED,
3164,REVOKES,
3165,REVOKING,
3166,REVOLT,
3167,REVOLTED,
3168,REVOLTING,
3169,REVOLTS,
3170,REVOLUTION,
3171,RID,
3172,RIDE,
3173,RIDES,
3174,RIDICULE,
3175,RIDICULES,
3176,RIDICULOUS,
3177,RIGID,
3178,RIGOR,
3179,RIGOROUS,
3180,RIP,
3181,RISK,
3182,RISKED,
3183,RISKIER,
3184,RISKS,
3185,RISKY,
3186,RIVAL,
3187,RIVALED,
3188,RIVALING,
3189,RIVALRY,
3190,RIVALS,
3191,ROBBER,
3192,ROBBERS,
3193,ROBBERY,
3194,ROGUE,
3195,ROOT,
3196,ROT,
3197,ROTS,
3198,ROTTED,
3199,ROTTEN,
3200,ROTTING,
3201,ROUGH,
3202,ROUGHNESS,
3203,ROUNDABOUT,
3204,RUBBISH,
3205,RUDE,
3206,RUE,
3207,RUFFIAN,
3208,RUIN,
3209,RUINED,
3210,RUINING,
3211,RUINOUS,
3212,RUINS,
3213,RUMOR,
3214,RUMORED,
3215,RUMORS,
3216,RUMPLE,
3217,RUN,
3218,RUNAWAY,
3219,RUPTURE,
3220,RUPTURED,
3221,RUPTURES,
3222,RUPTURING,
3223,RUSTY,
3224,RUTHLESS,
3225,RUTHLESSNESS,
3226,SABOTAGE,
3227,SAD,
3228,SADNESS,
3229,SAG,
3230,SANK,
3231,SAP,
3232,SARCASM,
3233,SARCASTIC,
3234,SAVAGE,
3235,SCALD,
3236,SCANDAL,
3237,SCANDALOUS,
3238,SCANDALS,
3239,SCAPEGOAT,
3240,SCAR,
3241,SCARCITY,
3242,SCARE,
3243,SCARED,
3244,SCARES,
3245,SCARING,
3246,SCARRED,
3247,SCARRING,
3248,SCARS,
3249,SCARY,
3250,SCHEME,
3251,SCHEMED,
3252,SCHEMES,
3253,SCHEMING,
3254,SCOFF,
3255,SCOLD,
3256,SCOLDED,
3257,SCOLDING,
3258,SCOLDS,
3259,SCORCH,
3260,SCORN,
3261,SCORNFUL,
3262,SCOUNDREL,
3263,SCOUNDRELS,
3264,SCOWL,
3265,SCOWLS,
3266,SCRAPE,
3267,SCRAPED,
3268,SCRAPES,
3269,SCRAPING,
3270,SCREAM,
3271,SCREAMED,
3272,SCREAMING,
3273,SCREAMS,
3274,SCREECH,
3275,SCREW,
3276,SCREWED,
3277,SCREWING,
3278,SCREWS,
3279,SCRUTINIZE,
3280,SCRUTINIZED,
3281,SCRUTINIZES,
3282,SCRUTINIZING,
3283,SCUFFLE,
3284,SCUFFLES,
3285,SCUM,
3286,SECEDE,
3287,SECEDED,
3288,SECEDES,
3289,SECEDING,
3290,SECESSION,
3291,SECRECY,
3292,SECRET,
3293,SECRETS,
3294,SEDENTARY,
3295,SEETHE,
3296,SEETHED,
3297,SEETHES,
3298,SEETHING,
3299,SEGREGATION,
3300,SEIZE,
3301,SEIZED,
3302,SEIZES,
3303,SEIZING,
3304,SEIZURE,
3305,SELFISH,
3306,SELFISHNESS,
3307,SENILE,
3308,SENSELESS,
3309,SENTENCE,
3310,SENTENCED,
3311,SENTENCING,
3312,SEQUESTER,
3313,SEQUESTERED,
3314,SEQUESTERS,
3315,SERVE,
3316,SERVED,
3317,SERVES,
3318,SERVICE,
3319,SERVITUDE,
3320,SEVER,
3321,SEVERE,
3322,SEVERED,
3323,SEVERELY,
3324,SEVERING,
3325,SEVERITY,
3326,SEVERS,
3327,SHABBY,
3328,SHADOW,
3329,SHADOWS,
3330,SHADY,
3331,SHAGGY,
3332,SHAKE,
3333,SHALLOW,
3334,SHAME,
3335,SHAMED,
3336,SHAMEFUL,
3337,SHAMELESS,
3338,SHAMES,
3339,SHARK,
3340,SHARKS,
3341,SHELL,
3342,SHIPWRECK,
3343,SHIPWRECKED,
3344,SHIPWRECKS,
3345,SHIRK,
3346,SHIRKED,
3347,SHIRKING,
3348,SHIRKS,
3349,SHIVER,
3350,SHOCK,
3351,SHOCKED,
3352,SHOCKING,
3353,SHOCKS,
3354,SHODDY,
3355,SHOOT,
3356,SHOOTS,
3357,SHORT,
3358,SHORTAGE,
3359,SHORTCOMING,
3360,SHORTSIGHTED,
3361,SHOT,
3362,SHOVE,
3363,SHOVED,
3364,SHOVES,
3365,SHOVING,
3366,SHOW,
3367,SHOWS,
3368,SHRED,
3369,SHREW,
3370,SHRIEK,
3371,SHRIEKS,
3372,SHRILL,
3373,SHRIVEL,
3374,SHRIVELED,
3375,SHRIVELING,
3376,SHRIVELS,
3377,SHROUD,
3378,SHROUDED,
3379,SHROUDING,
3380,SHROUDS,
3381,SHRUG,
3382,SHRUGGED,
3383,SHRUGS,
3384,SHUN,
3385,SHUNS,
3386,SHYNESS,
3387,SICK,
3388,SICKLY,
3389,SICKNESS,
3390,SIEGE,
3391,SILLY,
3392,SIMPLISTIC,
3393,SIN,
3394,SINFUL,
3395,SINISTER,
3396,SINNED,
3397,SINNING,
3398,SINS,
3399,SKEPTICAL,
3400,SKETCHY,
3401,SKIRMISH,
3402,SKULK,
3403,SKULKED,
3404,SKULKING,
3405,SKULKS,
3406,SLAM,
3407,SLAMMED,
3408,SLAMMING,
3409,SLAMS,
3410,SLANDER,
3411,SLANDERER,
3412,SLANDEROUS,
3413,SLAP,
3414,SLAPPED,
3415,SLAPPING,
3416,SLAPS,
3417,SLASH,
3418,SLASHED,
3419,SLASHES,
3420,SLASHING,
3421,SLAUGHTER,
3422,SLAUGHTERED,
3423,SLAUGHTERING,
3424,SLAUGHTERS,
3425,SLAYER,
3426,SLEAZY,
3427,SLEEPLESS,
3428,SLIGHT,
3429,SLIGHTED,
3430,SLIGHTING,
3431,SLIGHTS,
3432,SLIME,
3433,SLOPPY,
3434,SLOTH,
3435,SLOTHFUL,
3436,SLUG,
3437,SLUGGISH,
3438,SLUGS,
3439,SLUMP,
3440,SLUMPED,
3441,SLUMPING,
3442,SLUMPS,
3443,SLY,
3444,SMACK,
3445,SMACKED,
3446,SMACKING,
3447,SMACKS,
3448,SMASH,
3449,SMASHED,
3450,SMASHES,
3451,SMEAR,
3452,SMEARED,
3453,SMEARING,
3454,SMEARS,
3455,SMOTHER,
3456,SMOTHERED,
3457,SMOTHERING,
3458,SMOTHERS,
3459,SMUGGLE,
3460,SMUGGLED,
3461,SMUGGLES,
3462,SMUGGLING,
3463,SNARE,
3464,SNARED,
3465,SNARES,
3466,SNARING,
3467,SNARL,
3468,SNARLED,
3469,SNARLING,
3470,SNARLS,
3471,SNATCH,
3472,SNATCHED,
3473,SNATCHES,
3474,SNATCHING,
3475,SNEAK,
3476,SNEAKS,
3477,SNEER,
3478,SNEERED,
3479,SNEERING,
3480,SNEERS,
3481,SNORE,
3482,SNORED,
3483,SNORES,
3484,SNORING,
3485,SOB,
3486,SOBBED,
3487,SOBBING,
3488,SOBS,
3489,SOMBER,
3490,SORE,
3491,SORENESS,
3492,SORES,
3493,SORROW,
3494,SORROWFUL,
3495,SORROWS,
3496,SORRY,
3497,SORT,
3498,SOUR,
3499,SOURED,
3500,SOURS,
3501,SPANK,
3502,SPANKED,
3503,SPANKING,
3504,SPANKS,
3505,SPEAR,
3506,SPEARED,
3507,SPEARING,
3508,SPEARS,
3509,SPILL,
3510,SPILLAGE,
3511,SPILLED,
3512,SPILLING,
3513,SPILLS,
3514,SPINSTER,
3515,SPINSTERS,
3516,SPITE,
3517,SPITEFUL,
3518,SPITES,
3519,SPLIT,
3520,SPLITS,
3521,SPLITTING,
3522,SPOIL,
3523,SPOILED,
3524,SPOILING,
3525,SPOILS,
3526,SPOT,
3527,SPRAIN,
3528,SPRAINED,
3529,SPRAINING,
3530,SPRAINS,
3531,SPUTTER,
3532,SPUTTERED,
3533,SPUTTERING,
3534,SPUTTERS,
3535,SQUANDER,
3536,SQUANDERED,
3537,SQUANDERING,
3538,SQUANDERS,
3539,STAB,
3540,STABBED,
3541,STABBING,
3542,STABS,
3543,STAGNANT,
3544,STAIN,
3545,STAINED,
3546,STAINING,
3547,STAINS,
3548,STALE,
3549,STALEMATE,
3550,STALEMATED,
3551,STALEMATES,
3552,STALEMATING,
3553,STAMMER,
3554,STAMMERED,
3555,STAMMERING,
3556,STAMMERS,
3557,STAMP,
3558,STANDSTILL,
3559,STARK,
3560,STARTLE,
3561,STARTLED,
3562,STARTLES,
3563,STARTLING,
3564,STARVATION,
3565,STARVE,
3566,STARVED,
3567,STARVES,
3568,STARVING,
3569,STATIC,
3570,STEAL,
3571,STERN,
3572,STICK,
3573,STICKS,
3574,STIFLE,
3575,STIFLED,
3576,STIFLES,
3577,STIFLING,
3578,STIGMA,
3579,STING,
3580,STINGING,
3581,STINGS,
3582,STINK,
3583,STINKING,
3584,STINKS,
3585,STOLE,
3586,STOLEN,
3587,STORM,
3588,STORMED,
3589,STORMING,
3590,STORMS,
3591,STORMY,
3592,STRAGGLE,
3593,STRAGGLED,
3594,STRAGGLER,
3595,STRAGGLERS,
3596,STRAGGLES,
3597,STRAGGLING,
3598,STRAIN,
3599,STRAINED,
3600,STRAINING,
3601,STRAINS,
3602,STRANGLE,
3603,STRANGLED,
3604,STRANGLES,
3605,STRANGLING,
3606,STRAY,
3607,STRAYED,
3608,STRAYING,
3609,STRAYS,
3610,STRESS,
3611,STRESSED,
3612,STRESSES,
3613,STRESSING,
3614,STRICKEN,
3615,STRICT,
3616,STRIFE,
3617,STRIKE,
3618,STRIKES,
3619,STRINGENT,
3620,STRUCK,
3621,STRUGGLE,
3622,STRUGGLED,
3623,STRUGGLES,
3624,STRUGGLING,
3625,STUBBORN,
3626,STUBBORNLY,
3627,STUBBORNNESS,
3628,STUDY,
3629,STUFFY,
3630,STUNT,
3631,STUNTED,
3632,STUNTS,
3633,STUPID,
3634,STUPIDITY,
3635,STUPOR,
3636,SUBJECTION,
3637,SUBJUGATE,
3638,SUBJUGATION,
3639,SUBMISSIVE,
3640,SUBSERVIENCE,
3641,SUBSIDE,
3642,SUBSIDED,
3643,SUBSIDES,
3644,SUBSIDING,
3645,SUBSTITUTION,
3646,SUBTRACT,
3647,SUBTRACTED,
3648,SUBTRACTING,
3649,SUBTRACTS,
3650,SUBVERSION,
3651,SUBVERT,
3652,SUBVERTED,
3653,SUBVERTING,
3654,SUBVERTS,
3655,SUCCUMB,
3656,SUCCUMBED,
3657,SUCCUMBING,
3658,SUCCUMBS,
3659,SUCKER,
3660,SUCKERED,
3661,SUCKERS,
3662,SUFFER,
3663,SUFFERED,
3664,SUFFERER,
3665,SUFFERING,
3666,SUFFERS,
3667,SUFFOCATE,
3668,SULLEN,
3669,SUNDER,
3670,SUPERFICIAL,
3671,SUPERFICIALITY,
3672,SUPERFLUOUS,
3673,SUPERSTITION,
3674,SUPERSTITIONS,
3675,SUPERSTITIOUS,
3676,SUPPRESS,
3677,SUPPRESSED,
3678,SUPPRESSES,
3679,SUPPRESSING,
3680,SUPPRESSION,
3681,SUSCEPTIBLE,
3682,SUSPECT,
3683,SUSPECTED,
3684,SUSPECTING,
3685,SUSPECTS,
3686,SUSPEND,
3687,SUSPENDED,
3688,SUSPENDING,
3689,SUSPENDS,
3690,SUSPENSION,
3691,SUSPENSIONS,
3692,SUSPICION,
3693,SUSPICIOUS,
3694,SWEAR,
3695,SWEARING,
3696,SWEARS,
3697,SWORE,
3698,SYMPTOM,
3699,SYMPTOMS,
3700,TABOO,
3701,TABOOS,
3702,TAINT,
3703,TAINTED,
3704,TAINTING,
3705,TAINTS,
3706,TAMPER,
3707,TAMPERED,
3708,TAMPERING,
3709,TAMPERS,
3710,TANTRUM,
3711,TANTRUMS,
3712,TARDY,
3713,TARIFF,
3714,TARIFFS,
3715,TATTER,
3716,TATTERED,
3717,TAUNT,
3718,TAUNTED,
3719,TAUNTING,
3720,TAUNTS,
3721,TAX,
3722,TAXED,
3723,TAXES,
3724,TAXING,
3725,TEAR,
3726,TEARING,
3727,TEARS,
3728,TEASE,
3729,TEASED,
3730,TEASES,
3731,TEASING,
3732,TEDIOUS,
3733,TEMPER,
3734,TEMPERED,
3735,TEMPERING,
3736,TEMPERS,
3737,TEMPEST,
3738,TEMPORARILY,
3739,TEMPTATION,
3740,TEMPTATIONS,
3741,TENSE,
3742,TENSION,
3743,TENSIONS,
3744,TERRIBLE,
3745,TERRIFIED,
3746,TERRIFIES,
3747,TERRIFY,
3748,TERRIFYING,
3749,TERROR,
3750,TERRORISM,
3751,TERRORIST,
3752,TERRORISTS,
3753,TERRORIZE,
3754,TERRORIZED,
3755,TERRORIZES,
3756,TERRORIZING,
3757,TERRORS,
3758,THEFT,
3759,THEFTS,
3760,THIEF,
3761,THIEVES,
3762,THIRST,
3763,THIRSTY,
3764,THORNY,
3765,THOUGHTLESS,
3766,THRASH,
3767,THRASHED,
3768,THRASHING,
3769,THREAT,
3770,THREATEN,
3771,THREATENED,
3772,THREATENING,
3773,THREATENS,
3774,THREATS,
3775,THROW,
3776,THROWS,
3777,THUD,
3778,THWART,
3779,TIMIDITY,
3780,TIRE,
3781,TIRED,
3782,TIRES,
3783,TIRESOME,
3784,TIRING,
3785,TOIL,
3786,TOILED,
3787,TOILING,
3788,TOILS,
3789,TOLERABLE,
3790,TOLERATE,
3791,TOLERATED,
3792,TOO,
3793,TOPPLE,
3794,TOPPLED,
3795,TOPPLES,
3796,TOPPLING,
3797,TORMENT,
3798,TORMENTED,
3799,TORMENTING,
3800,TORMENTS,
3801,TORN,
3802,TORRENT,
3803,TORRENTS,
3804,TORTUROUS,
3805,TOUCHY,
3806,TRAGEDIES,
3807,TRAGEDY,
3808,TRAGIC,
3809,TRAITOR,
3810,TRAITORS,
3811,TRAMP,
3812,TRAMPLE,
3813,TRAMPLED,
3814,TRAMPLES,
3815,TRAMPLING,
3816,TRAMPS,
3817,TRANSGRESS,
3818,TRANSGRESSED,
3819,TRANSGRESSES,
3820,TRANSGRESSING,
3821,TRAP,
3822,TRAPPED,
3823,TRAPPING,
3824,TRAPS,
3825,TRASHES,
3826,TRAUMA,
3827,TRAUMATIC,
3828,TREACHEROUS,
3829,TREACHERY,
3830,TREASON,
3831,TREASONOUS,
3832,TRESPASS,
3833,TRESPASSED,
3834,TRESPASSES,
3835,TRESPASSING,
3836,TRICK,
3837,TRICKED,
3838,TRICKING,
3839,TRICKS,
3840,TRIED,
3841,TRIES,
3842,TRIVIAL,
3843,TROUBLE,
3844,TROUBLED,
3845,TROUBLES,
3846,TROUBLESOME,
3847,TROUBLING,
3848,TRUANT,
3849,TRUANTS,
3850,TRUDGE,
3851,TRUDGED,
3852,TRUDGES,
3853,TRUDGING,
3854,TRY,
3855,TRYING,
3856,TURBULENT,
3857,TURMOIL,
3858,TURN,
3859,TURNED,
3860,TURNING,
3861,TURNS,
3862,TWITCH,
3863,TWITCHES,
3864,TYRANNY,
3865,UGLY,
3866,ULTIMATUM,
3867,ULTIMATUMS,
3868,UNACCUSTOMED,
3869,UNARM,
3870,UNARMS,
3871,UNATTRACTIVE,
3872,UNAUTHENTIC,
3873,UNAVOIDABLE,
3874,UNBEARABLE,
3875,UNBELIEVABLE,
3876,UNCIVIL,
3877,UNCLEAN,
3878,UNCLEAR,
3879,UNCOMFORTABLE,
3880,UNCOUTH,
3881,UNDEPENDABILITY,
3882,UNDEPENDABLE,
3883,UNDERMINE,
3884,UNDERMINED,
3885,UNDERMINES,
3886,UNDERMINING,
3887,UNDERWORLD,
3888,UNDESIRABLE,
3889,UNDID,
3890,UNDIGNIFIED,
3891,UNDO,
3892,UNDONE,
3893,UNDUE,
3894,UNEASINESS,
3895,UNEASY,
3896,UNECONOMICAL,
3897,UNEMPLOYED,
3898,UNEQUAL,
3899,UNEVEN,
3900,UNEXPECTED,
3901,UNEXPECTEDLY,
3902,UNFAIR,
3903,UNFAIRLY,
3904,UNFAITHFUL,
3905,UNFAMILIAR,
3906,UNFAVORABLE,
3907,UNFAVORABLY,
3908,UNFEELING,
3909,UNFIT,
3910,UNFORESEEABLE,
3911,UNFORESEEN,
3912,UNFORTUNATE,
3913,UNFORTUNATELY,
3914,UNFRIENDLY,
3915,UNGRATEFUL,
3916,UNGUARDED,
3917,UNHAPPINESS,
3918,UNHAPPY,
3919,UNHEALTHY,
3920,UNIMPORTANT,
3921,UNINFORMED,
3922,UNJUST,
3923,UNJUSTIFIED,
3924,UNJUSTLY,
3925,UNKIND,
3926,UNLAWFUL,
3927,UNLAWFULLY,
3928,UNLUCKY,
3929,UNMOVED,
3930,UNNATURAL,
3931,UNNECESSARY,
3932,UNNERVE,
3933,UNNERVED,
3934,UNNERVES,
3935,UNNERVING,
3936,UNNOTICED,
3937,UNOBSERVED,
3938,UNPLEASANT,
3939,UNPOPULAR,
3940,UNPROFITABLE,
3941,UNQUALIFIED,
3942,UNREASONABLE,
3943,UNREASONABLY,
3944,UNRELIABILITY,
3945,UNRELIABLE,
3946,UNREST,
3947,UNRULY,
3948,UNSAFE,
3949,UNSATISFACTORY,
3950,UNSATISFIED,
3951,UNSCRUPULOUS,
3952,UNSEEN,
3953,UNSETTLING,
3954,UNSOUND,
3955,UNSPEAKABLE,
3956,UNSTABLE,
3957,UNSTEADINESS,
3958,UNSTEADY,
3959,UNSUCCESSFUL,
3960,UNSUCCESSFULLY,
3961,UNTIMELY,
3962,UNTRAINED,
3963,UNTRUE,
3964,UNTRUSTWORTHY,
3965,UNTRUTH,
3966,UNWILLING,
3967,UNWILLINGNESS,
3968,UNWISE,
3969,UNWORTHY,
3970,UPHEAVAL,
3971,UPHEAVALS,
3972,UPRISING,
3973,UPROAR,
3974,UPROARS,
3975,UPROOT,
3976,UPROOTED,
3977,UPROOTING,
3978,UPROOTS,
3979,UPSET,
3980,UPSETS,
3981,UPSETTING,
3982,USELESS,
3983,USURP,
3984,USURPED,
3985,USURPING,
3986,USURPS,
3987,UTTERANCE,
3988,UTTERANCES,
3989,VAGABOND,
3990,VAGABONDS,
3991,VAGRANT,
3992,VAGRANTS,
3993,VAGUE,
3994,VAGUENESS,
3995,VAIN,
3996,VANISH,
3997,VANISHED,
3998,VANISHES,
3999,VANISHING,
4000,VANITIES,
4001,VANITY,
4002,VEHEMENT,
4003,VENGEANCE,
4004,VENOM,
4005,VENOMOUS,
4006,VETO,
4007,VETOED,
4008,VETOES,
4009,VETOING,
4010,VEX,
4011,VEXATION,
4012,VEXED,
4013,VEXES,
4014,VEXING,
4015,VICE,
4016,VICES,
4017,VICIOUS,
4018,VIE,
4019,VIED,
4020,VIES,
4021,VILE,
4022,VILLAIN,
4023,VILLAINS,
4024,VIOLATE,
4025,VIOLATED,
4026,VIOLATES,
4027,VIOLATING,
4028,VIOLATION,
4029,VIOLATIONS,
4030,VIOLATORS,
4031,VIOLENCE,
4032,VIOLENT,
4033,VIPER,
4034,VIPERS,
4035,VOID,
4036,VOIDED,
4037,VOIDING,
4038,VOIDS,
4039,VOLATILE,
4040,VOLATILITY,
4041,VOMIT,
4042,VOMITED,
4043,VOMITING,
4044,VOMITS,
4045,VULGAR,
4046,VYING,
4047,WAIL,
4048,WAILED,
4049,WAILING,
4050,WAILS,
4051,WAIT,
4052,WAITED,
4053,WAITING,
4054,WAITS,
4055,WALLOW,
4056,WALLOWED,
4057,WALLOWING,
4058,WALLOWS,
4059,WANE,
4060,WANED,
4061,WANES,
4062,WANING,
4063,WANTON,
4064,WAR,
4065,WARFARE,
4066,WARLIKE,
4067,WARP,
4068,WARPED,
4069,WARPING,
4070,WARPS,
4071,WARS,
4072,WARY,
4073,WASTE,
4074,WASTED,
4075,WASTEFUL,
4076,WASTEFULNESS,
4077,WASTES,
4078,WASTING,
4079,WAYWARD,
4080,WEAK,
4081,WEAKEN,
4082,WEAKENED,
4083,WEAKENING,
4084,WEAKENS,
4085,WEAKER,
4086,WEAKEST,
4087,WEAKNESS,
4088,WEAKNESSES,
4089,WEAR,
4090,WEARINESS,
4091,WEARISOME,
4092,WEE,
4093,WEED,
4094,WEEDS,
4095,WEEP,
4096,WEEPING,
4097,WEEPS,
4098,WEIRD,
4099,WENCH,
4100,WENCHES,
4101,WEPT,
4102,WHACK,
4103,WHACKED,
4104,WHACKING,
4105,WHACKS,
4106,WHIMPER,
4107,WHIMPERED,
4108,WHIMPERING,
4109,WHIMPERS,
4110,WHINE,
4111,WHINED,
4112,WHINES,
4113,WHINING,
4114,WHIP,
4115,WHIPPED,
4116,WHIPPING,
4117,WHIPS,
4118,WICKED,
4119,WICKEDNESS,
4120,WILD,
4121,WILT,
4122,WILTED,
4123,WILTING,
4124,WILTS,
4125,WILY,
4126,WINCE,
4127,WINCED,
4128,WINCES,
4129,WINCING,
4130,WITCHCRAFT,
4131,WITHHELD,
4132,WITHHOLD,
4133,WITHHOLDING,
4134,WOE,
4135,WOEFUL,
4136,WOES,
4137,WORN,
4138,WORRIED,
4139,WORRIER,
4140,WORRIES,
4141,WORRY,
4142,WORRYING,
4143,WORSE,
4144,WORSEN,
4145,WORSENED,
4146,WORSENING,
4147,WORSENS,
4148,WORST,
4149,WORTHLESS,
4150,WOUND,
4151,WRATH,
4152,WRECK,
4153,WRECKED,
4154,WRECKING,
4155,WRECKS,
4156,WRESTLE,
4157,WRESTLED,
4158,WRESTLES,
4159,WRESTLING,
4160,WRETCH,
4161,WRETCHEDNESS,
4162,WRINKLE,
4163,WRINKLED,
4164,WRINKLES,
4165,WRINKLING,
4166,WRITHE,
4167,WRITHED,
4168,WRITHES,
4169,WRITHING,
4170,WRONG,
4171,WRONGED,
4172,WRONGFUL,
4173,WRONGFULLY,
4174,WRONGS,
4175,WROUGHT,
4176,YAWN,
4177,YAWNED,
4178,YAWNING,
4179,YAWNS,
4180,YEARN,
4181,YEARNED,
4182,YEARNING,
4183,YEARNS,
4184,YELP,
4185,YELPED,
4186,YELPING,
4187,YELPS,
